사용자,평점,댓글 내용,감정
이건영(everyhuman),2,가지가지한다.,부정
거리에서,2.5,"괜찮은 카체이싱 장면과 수위 높은 액션 장면으로 영화가 완성되는게 아닌데, 그것만으로 영화 한 편 본 거 아니냐고 말하는 것 같다.",중립
윤제아빠,3,"의외네...이거..
선입견을 완전히 해소하진 못했지만
괜찮은 카체이싱과 액션 그리고 빼어난 배우들의 연기는 칭찬받을 만하다.
단지 다리위에서 급격히 변한 은하의 감정선이 좀 갑작스럽긴 한데..
뭐 킬링타임 영화로는 꽤 괜찮다.
.
.
#베이비드라이버에다
#건파우더밀크쉐이크
#두영화를믹스했는데
#보는동안잊고볼만큼
#몰입도는충분했었다
#송새벽연기하나는짱
#개연성은접어두자구
#너무분석말고좀즐겨",긍정
박서하,2.5,감정의 폭이 깊어질수록 오락의 재미는 반감된다.,중립
다솜땅,3.5,"박소담의 와일드한 매력! ㅎ
그리고 감성+부+모성애 자극 연기!
마지막으로 자극적인 악당과 안타가운 사연 담아서 흑백의 한가운데 그래이색을 만들어버렸네…ㅎ
#22.2.4 (135)",긍정
JY,2,"아무리 지멋대로 망하더라도
아역 하나는 어떻게든 건져내 희석시키는게
요즘 트렌드이거늘...
그마저도 이작품은 시원~하게...

어른들이 나쁜놈들이지
현준님 잘못은 아니에요",부정
bin,3.5,"박소담이 레옹, 원빈, 라이언 고슬링이 되니까 그 흔해빠진 한국영화 조폭 감성도 참을 만하고 봐줄 만하다",긍정
황재윤,2,익숙한 설정들을 죄다 끌어 모아서 마치 개성 넘치다는듯 포장한거 같다.,부정
리얼리스트,2,청승맞은 이야기와 추격전  사이에서 갈팡질팡,부정
이건영(everyhuman),2,가지가지한다.,부정
거리에서,2.5,"괜찮은 카체이싱 장면과 수위 높은 액션 장면으로 영화가 완성되는게 아닌데, 그것만으로 영화 한 편 본 거 아니냐고 말하는 것 같다.",중립
윤제아빠,3,"의외네...이거..
선입견을 완전히 해소하진 못했지만
괜찮은 카체이싱과 액션 그리고 빼어난 배우들의 연기는 칭찬받을 만하다.
단지 다리위에서 급격히 변한 은하의 감정선이 좀 갑작스럽긴 한데..
뭐 킬링타임 영화로는 꽤 괜찮다.
.
.
#베이비드라이버에다
#건파우더밀크쉐이크
#두영화를믹스했는데
#보는동안잊고볼만큼
#몰입도는충분했었다
#송새벽연기하나는짱
#개연성은접어두자구
#너무분석말고좀즐겨",긍정
박서하,2.5,감정의 폭이 깊어질수록 오락의 재미는 반감된다.,중립
다솜땅,3.5,"박소담의 와일드한 매력! ㅎ
그리고 감성+부+모성애 자극 연기!
마지막으로 자극적인 악당과 안타가운 사연 담아서 흑백의 한가운데 그래이색을 만들어버렸네…ㅎ
#22.2.4 (135)",긍정
JY,2,"아무리 지멋대로 망하더라도
아역 하나는 어떻게든 건져내 희석시키는게
요즘 트렌드이거늘...
그마저도 이작품은 시원~하게...

어른들이 나쁜놈들이지
현준님 잘못은 아니에요",부정
bin,3.5,"박소담이 레옹, 원빈, 라이언 고슬링이 되니까 그 흔해빠진 한국영화 조폭 감성도 참을 만하고 봐줄 만하다",긍정
황재윤,2,익숙한 설정들을 죄다 끌어 모아서 마치 개성 넘치다는듯 포장한거 같다.,부정
리얼리스트,2,청승맞은 이야기와 추격전  사이에서 갈팡질팡,부정
이건영(everyhuman),2,가지가지한다.,부정
거리에서,2.5,"괜찮은 카체이싱 장면과 수위 높은 액션 장면으로 영화가 완성되는게 아닌데, 그것만으로 영화 한 편 본 거 아니냐고 말하는 것 같다.",중립
윤제아빠,3,"의외네...이거..
선입견을 완전히 해소하진 못했지만
괜찮은 카체이싱과 액션 그리고 빼어난 배우들의 연기는 칭찬받을 만하다.
단지 다리위에서 급격히 변한 은하의 감정선이 좀 갑작스럽긴 한데..
뭐 킬링타임 영화로는 꽤 괜찮다.
.
.
#베이비드라이버에다
#건파우더밀크쉐이크
#두영화를믹스했는데
#보는동안잊고볼만큼
#몰입도는충분했었다
#송새벽연기하나는짱
#개연성은접어두자구
#너무분석말고좀즐겨",긍정
박서하,2.5,감정의 폭이 깊어질수록 오락의 재미는 반감된다.,중립
다솜땅,3.5,"박소담의 와일드한 매력! ㅎ
그리고 감성+부+모성애 자극 연기!
마지막으로 자극적인 악당과 안타가운 사연 담아서 흑백의 한가운데 그래이색을 만들어버렸네…ㅎ
#22.2.4 (135)",긍정
JY,2,"아무리 지멋대로 망하더라도
아역 하나는 어떻게든 건져내 희석시키는게
요즘 트렌드이거늘...
그마저도 이작품은 시원~하게...

어른들이 나쁜놈들이지
현준님 잘못은 아니에요",부정
bin,3.5,"박소담이 레옹, 원빈, 라이언 고슬링이 되니까 그 흔해빠진 한국영화 조폭 감성도 참을 만하고 봐줄 만하다",긍정
황재윤,2,익숙한 설정들을 죄다 끌어 모아서 마치 개성 넘치다는듯 포장한거 같다.,부정
리얼리스트,2,청승맞은 이야기와 추격전  사이에서 갈팡질팡,부정
겨울비,3,"한국판 드라이브 박소담이 좀 더 강하게 연기해
줬으면

+ 나도 저렇게 운전 잘하고 싶다 평행주차를 어떻게 한방에 넣지",긍정
콩까기의 종이씹기,2,"이미 보았던 구간들만 골라서 밟아가는 짜깁기 드라이버.

+) <베이비 드라이버> + <내가 죽기를 바라는 자들> + <로건>에 얄팍한 페미니즘과 지루함을 끼얹어서 노잼을 만들었다.",부정
ㅠㄹ,1.5,한국은 계속 해서 새로운 시도라고 하며 할리우드의 익숙함을 베끼려 한다.,부정
Dh,1.5,"수단방법 가리지 않는다는 이영화.. 하.. 우짤끼고
#할많하않
#롯데시네마+C31C30:C32C26:C32C22C30:C32C25:C32C22C30:C32C23:C32C22C30:C32C19:C32C22C30:C32C17:C32C22C30:C32C16:C32C22C30:C3C30:C32",부정
P1,2,"소담이 헤어스타일 보는 재미뿐

<어디갈 레옹>,<니가 타> 처럼
배송 관련 영화는 뤽 배송아니면 찍지마라..",부정
뚱이에요,1.5,"보기 민망할 정도로 어슬픈
[베이비 드라이버]의 'K-패치'.
그와중에 당당한 속편 예고는
[뺑반]급 오만함까지.",부정
김혜리 평론가 봇,3.5,"액션, 카체이스, 캐릭터의 합. 약속한 즐거움을 확실히 배송한다",긍정
DarthSkywalker,2,범죄 전문 드라이버의 공식은 있는 거 전부 싸그리 베껴온 게으른 영화.,부정
Random cul,2.5,"뻔한 스토리에 비해 실력으로 밀어서 나쁘지않았다.
아이가 무슨 잘못이겠냐만.... 여기선 아이가 잘못했다.
재밌으려 하면 흐름을 깬다..",중립
주령,2,"뭣이 중헌지도 모르고

애 데리고 이런 싸구려 감정팔이 좀 그만합시다

초반 10분>영화 전체
호텔 엘리베이터 씬까지만 해도 간만에 볼만한 추격자, 악역 나왔다고 좋아했었는데",부정
Lemonia,2,"어쩔 수 없이 내던져진 상황에서 우리는 선과 악을 표면적인 모습만으로 쉽게 판단할 수 있을까? 살기 위해서 자신만의 방식을 선택한 이들에게서 보이는 공통점은 바로 사회가 만든 기준에 못 미치는 사람들이라는 점이다. 선과 악, 서로가 위치하는 곳을 떠나서 어딘가 하나씩 결핍된 이들은 서로를 의지하고, 서로가 서로에게 없는 것을 발견하고 채워주는 존재로써 말이다. 이런 장르의 영화들은 태생적으로 한계 탓도 있다. 빠르게 소비되므로 참신하기가 어렵다. 그래서 새로운 캐릭터들을 쓰려고 하지만, 캐릭터로도 한계가 보이는 지점에 다다랐다. 자신이 원하는 삶을 선택해서 살아가는 모습은 온 데 간 데 사라지고, 이상한 남자들에게 둘러싸여 고통받는 주인공의 모습에서 영화는 진부한 길을 스스로 선택하고 만다. 자동차 액션의 장점을 살리지 못하고, 진부한 결말로 저속 주행으로 달려간다.",부정
HBJ,1.5,"'특송'은 범죄자들의 드라이버인 주인공이 복잡한 사건에 휘말리며 경찰의 추격을 받게 되는 액션 영화다. 박소담 배우라는 확실한 스타 주연은 있지만, 아무리 스타라고 해도 이 영화의 난장판을 수습하기엔 역부족이었다.

설정 때문에 차량 액션에 있어서는 꽤 높은 기대감이 있었는데, 그 부분은 이 영화의 확실한 강점이긴 하다. '드라이브'의 사실적이고 무거운 톤과는 거리가 멀고, '베이비 드라이버'처럼 조금은 과장되고 유쾌한 느낌이 있는 스턴트들을 선보이는 이 영화는 주인공의 주무기라고 할 수 있는 차를 아주 능숙하고 재치있게 사용하는 액션을 긴박감과 호쾌함 있게 연출한다. 만약에 차량 액션 씬들이 더 많았다면 그래도 오락성에 있어서는 만족했을 것 같은데, 문제는 이 좋은 시퀀스들이 중반부 이후부터는 끊긴다는 것이다.

그 외에 이 영화는 총체적인 난국이다. 주인공과 조연들에게 나름대로의 사연들을 주긴 하지만, 이는 정말 설정만 딱 던져줄 뿐이지 이를 통해 이들의 캐릭터성이나 감정적인 핵심들을 파고 들지 못하기 때문에 결국 영화의 이야기가 거의 완전히 의존하는 주인공과 아이의 관계가 굉장히 억지스럽거나 피상적으로 느껴진다. 거기에 더해 뒤로 가면서 주인공에 대한 설정이 너무 괴상해지면서 완전히 B급 영역의 이야기가 돼야하는 데도 한국식 느와르 스릴러에 더 가깝게 연출이 되면서 영화의 톤 자체가 망가져버린다. 송새벽 배우만 봐도 배우들이 이 영화를 재미있고 좀 더 가벼운 느낌의 액션 오락으로 접근하려는 듯하며 그에 따라 과장된 성격파 연기를 하는 것 같고, 음악 또한 레트로한 하우스 느낌의 음악과 팝을 통해 가벼운 느낌을 내려는 것 같으넫 그에 비해 영화의 연출은 너무 무겁게 가져가려고 하니 이 모든 것들이 정면충돌하며 영화를 찌그러뜨렸다.",부정
Magnolia,2.5,위대한 영화들이 수립한 클리셰를 그저 따라가기에만 급급하다.,중립
ANNE,4,스포일러가 포함되어 내용을 생략했습니다.,긍정
Niknik,3,짜장면이 존재한다고 짜파게티 안먹을거 아니잖아.,긍정
임희봉,2,심각한 배송오류 발생: 레이싱을 시켰는데 정작 받은건 신파와 육탄전,부정
5jp,2,"남는건 세가지

하나~박소담의 액션연기
둘~송새벽의 소름돋는 악역연기
셋~꺼억!",부정
차칸수니리,3,"이야기가 대단히 단순하고 어이가 없지만 박소담의 고생과 미모, 송새벽의 연기라는 장점이 돋보인다. 일자 드라이버를 사용하는 박소담은 존 윅도 도망갈 정도의 파괴력을 보여준다.",긍정
leo,1.5,어설픈 카체이싱과 진부한 감성팔이…,부정
주방장의 잡기술,3,"지옥행 익스프레스

롯데시네마 시사회",긍정
TERU,2.5,"Good : 카체이스가 많진 않지만 등장하면 일단 좋다.
Caution : 윤리적 고민이 엿보이지 않는 단세포 각본",중립
영미남(영화에 미친 남자),2.5,"(46) 정주행으로 잘 달리다, 급회전으로 논밭에 빠져버린.
👍 : 미덕 있는 카체이싱 액션,
👎 : 아역배우의 아쉬운 연기와 후반 급전개,
스토리 8/20 연기 7/20 연출 9/20 재미 22/40",중립
양기자 (YCU),3,나쁘지 않은 <베이비 드라이버>와 <아저씨>의 '주인공' 젠더 스와프. <뺑반> 때 카체이싱을 좀 이렇게 찍지 싶었던 걸 이제야 조금 보완하는 몇몇 장면들. <기생충>의 박소담과 정현준이 다시 만나서 보여주는 케미도 좋았다. 솔직히 박소담이 이렇게 액션 보여주는데 마다할 수 없...,긍정
예비 작가 장시우,2,"물건만 빨리 배송한다고 특송인 건 아니지.
“내용물 다 박살 났잖아”",부정
스탕달,1,"애당초 딱히 할 얘기가 없었던.
별로 특송도 아니었던.",부정
모나드25,3,기존 성공작에서 모티프를 오려 붙이는 모자이크. 독창적인 맛이 없음.박소담에겐 무리인 역할.,긍정
문준모,3,"물건 배송을 했는데 하나가 오배송이 나버릴때.
.
MBC에서 틀어주길래 본 작품. 솔직히 <레옹>+<트랜스포터>+<베이비 드라이버>의 기시감이 가득 차 있는 작품인데, 그래도 중반부까진 그러려니 하면서 봤다. 박소담 배우도 나름 매력있기도 하고, <서울대작전>이나 <뺑반>에 비하면 나름 나쁘지 않다고 생각했었는데 후반부로 갈수록 영화의 페이스가 급격히 무너지는 느낌. 갑자기 얘가 사실은 이랬지롱 이라던가 클라이막스가 너무 약하다는 인상도 받았다. 후반부만 다시 잘라서 만들어버리기도 싶음. 진짜 박소담 배우 아니었으면 이만큼도 안됐을것 같은 느낌. 사실 마지막에 카체이싱 나올까 기대했는데 이건 밑에서 이야기해야할듯.
레옹을 본 사람들이라면 이게 뭐지? 싶을 수도 있을 작품. 그래도 서울대작전이나 뺑반에 비하면 선녀급이다.
.
.
.
.
.
.
.
.
.
.
스포
.
.
.
.
.
.
.
.
.
.
젠장 2000만원 주고 고물차 포텐샤를 샀으면 그걸로라도 카체이싱 할 줄 알았는데 그런것도 없다. 갑자기 탈북자 출신, 얘가 싸움잘하는 킬러 류의 설정이 붙어버리면서 후반부는 그냥 개싸움 액션이다. 이럴거면 영화 중반에 혼자 쳐들어가서 무쌍 찍었어도 됐을 각... 여러분 전 카체이스씬을 더 보고싶었다구요.
+박소담 배우 아니었으면 진작 다른채널 돌렸을듯. 그래도 꽤 매력있게 나오셔서 좋았음. 다음 차기작은 언제...
+송새벽 배우는 레옹의 게리 올드만을 너무 노린것 같다. 옷 스타일링, 캐릭터 설정이 너무 똑같잖아, 그래도 배우분 연기는 괜찮았음.
+김의성 배우는 여기서도 준수한 연기를 보여주시더라. 그리고 후반부에 극 퇴장 당할때 부터 영화가 아예 무너져버린다.
+꼬마 역에는 정현준 배우. 기생충에 다송이 역을 맡은 배우이다. 박소담과는 이렇게 또 만나네. 근데 캐릭터는 그냥 걸어다니는 항암제급;;
+이 서원이의 아빠는 연우진 배우가 나온다. 인민을 위해 복무하라에 나오신 분인데, 여기서는 느낌이 완전 다르네. 근데 캐릭터는 나 죽여줘!라고 홍보하시는 느낌.
+송새벽의 파트너 형사는 허동원 배우. 범죄도시 시리즈에서 오형균 형사 역을 맡은 그 배우 맞다.
+최덕문 배우도 잠깐 나오시더라. 이 분도 은근 많이 나오시는듯.
+전석호 배우랑 유승호 배우는 두분 다 감독의 전작 봉이 김선달에 나오셔서 출연하신듯. 유승호는 사진으로만 나오는데, 속편을 만들면 볼 수 있을까?",긍정
제제*,1.5,한국영화는 언제부턴가 의미있는 원작에 이상한 정서와 혈기를 주입하느라 베끼는 것조차 제대로 하지 못한다. 자동차로 본연만의 색을 내뿜는 액션을 선보인 영화들 중 하나인 베이비 드라이버는 특유의 리듬감으로 경쾌함을 불러일으켰고 같은 부류에 해당하는 드라이브는 차가움과 뜨거움을 한 번에 지닌 뛰어난 영화였다. 하지만 특송은 본인만이 할 수 있는 장기를 도통 찾지를 못하는 모양새던데 한마디로 진부하면서도 그 어떠한 깊이감을 이 작품에선 도무지 찾아볼 수가 없었다. 영화의 내용은 '왜?'와 '어째서?'를 연발하게 만들만큼 한 줌의 설득력조차 갖추지 못했는데 이는 곧 박소담 캐릭터가 위치한 어중간한 지점에 큰 영향을 끼침과 더불어 배우 개인의 매력마저 처참히 작살내버리는 1타 2피의 파괴력을 지녔다. 송새벽은 본인만의 연기 방식이 가뜩이나 진부한 캐릭터에 어설프게 덧입혀져 어색했고 아역 배우인 정현준은 봉준호의 연기 디렉팅이 얼마나 대단했었는지를 여실히 들어낸다. 한현민은 정말 왜 출연한건지 모르겠다. 물론 베끼고 그만큼 많이 참고한건지 아니면 본인만의 역량으로 정성껏 쌓아올려 완성한 탑의 결과물이 이런건진 잘 모르겠으나 필요 이상의 욕심은 항상 화를 부른다는 사실은 잘 알았으면 좋겠다.,부정
idaein,2,"차라리 카액션씬이나 많이 넣었으면 하는 아쉬움이 계속 들었다. 또 하나 건질건 송새벽의 악역 연기.
[CGV VIP 시사회]",부정
헵번공주,4,스포일러가 포함되어 내용을 생략했습니다.,긍정
잠이와요,3,피곤한 영화다,긍정
타퇴엽절,3.5,"시작과 동시에 관객들을 사로잡는 은하의 드라이빙 테크닉과 몸을 사리지 않는 은하의 드라이버 액션이 <특송>의 가장 큰 매력 포인트이다..!! 살짝 늘어지는 중반부와 진부한 결말이 다소 흠이긴 하지만, 즐길거리가 충분한 오락 영화이다..^^",긍정
CHAEYOOE,3,아이가 동승했어도 세상 쿨한 드라이빙.,긍정
모란,1.5,"흠. 박소담의 액션과 자동차 추격신은 볼만했지만
그 외 이야기나 연출은 다 그저그랬다
.
2022.1.13.목.전주 롯데시네마",부정
세훈,3,풀어 놓아야 할 이야기를 굳이 감춰둔 점이 오만하게 느껴지기까지 했다. 이걸 시리즈로 만들어 볼 생각을 했다는 게…,긍정
오경문,2,"특송이라면서 등기우편보다 느리면 어떻게하나
-22.01.14 메가박스 창원내서",부정
라이너스,3,"유튜브를 보며 간단하게 만들어 먹을 수 있는 요리를 3~4개 정도 재료부터 조리까지는 열심히 했는데… 식탁까지 가는 길이 험난한지… 일부는 흘리고, 또 다른 일부는 섞어버렸다.
-
그래도 박소담이라는 출중한 배우는 주연의 임무에 충실, 영화를 2시간 끌고가는 힘을 가졌더라.",긍정
TK Lee,5,"난 이정도면 베스트를 다한거 같은데. ㅎㅎ
박소담 매력 있네. 괜히 기생충 배우가 아니었어.
근데 쿠키에 나온 얼굴이 누구? 난 눈썰미가 없어서. ㅜㅜ",긍정
영사남,2.5,박소담이 채운 캐릭터의 매력을 장착한 채 목적을 충실히 수행한다,중립
Eomky,1,"시종일관 울먹이는 어린 아이의 징징거림같은 영화.
-맥거핀처럼 소비해버린 오프닝의 카체이싱을 극 안에 녹여 냈더라면.
2022년  1월 16일 롯데시네마 서울대입구",부정
Moretz,2.5,5년간 한국영화 최고악역 송새벽,중립
이송원,3.5,자동차씬이 좀더 많이 나왔더라면,긍정
왕은혜,2.5,"아이때문에 고생을 사서한다
곳곳에 빈틈이 많이 보이는 영화",중립
망고무비,1.5,"하자 물건, 반품이요.",부정
jarr,3,"운전도 내가하고 싸움도 내가하고..
인생은 혼자 가는 거야. 낫 배드.",긍정
시바견,2.5,폼나게 배달하는 것에만 몰두한  안특급 배송,중립
SalmON,2.5,특송이라면서 빙빙 돌아가는,중립
영화보는 정토끼,1.5,"'눈감고도 찾아갈 수 있을 진부하고 뻔한 영화'
부산이라고 맨날 바다보이는데서 일하고.. 꼰스러운 줄 알자.
이 영화가 그나마 재미있는건 송세벽의 맛깔나는 악역 덕분.
-22.01.04 용산 CGV 특송 시사회",부정
johnpaulmacqueen,0.5,거의없다 보고 기억이 남 ㅋㅋ 나 정말 별 쓰레기까지 다 봤었구나 ㅎㅎ,부정
한스기,2.5,"배우들의 연기와 액션에 비해 경찰의 추격이나 인물들의 배경서사가 빈약하고 흐름도 다른 장르와 비슷한 경향이있다
박소담의 빛나는 활약과 미래가 밝은 현준이
특히 기억에 남는 송새벽의 악역, 훌륭하고 또 보고싶다",중립
도토리,2.5,우리 소담이가 이렇게까지 피땀눈물 흘렸는데 끝까지 아줌마라 부를거니,중립
ㄱ강현우,3,시간때우기론 볼만함 220423,긍정
플루,2.5,"그나마 박소담이기에.
그나마 송새벽이라서.",중립
김영철,2.5,"배우의 매력에만 기댄 채 비포장도로를
덜컹이며 달린다.",중립
Steve,2,"너무나 예측되는 스토리,
영화 초입의 카체이싱이 그나마 이 영화의 끝인 듯",부정
MissH,3.5,"'박소담'이 다한 영화. 연기며 카체이싱 액션, 맨몸 액션 진짜 다채롭게 잘해서 감탄만 나온다.

어찌보면 남성 전유물처럼 보이는 '카체이싱 액션'이라는 장르를 특정 성별로 타깃을 잡지 않는다는 '젠더 인클루시브'화한 영화이기에 영화의 스토리텔링이 지금까지 적어도 수천편을 보아왔던 영화인 듯하지만 분명 다른 영화고 여성 원톱 영화라는데 의미를 두니깐 영화가 정말 극호다. 조약한 내용이라도 이런 영화들이 많이 나와야 여성이 주연으로 한 액션 걸작도 나올 수 있다. 답습하는 거 뭐 어때. 성별만 바꿔도 이렇게 새롭고 짜릿한걸.",긍정
Eunyoung Kim,4.5,뻔하다고들 하는데 주연이 다른거 하나로 매우 새롭습니다 . 배우들이 이 평범한 스토리 안에서 엄청 잘 해줘서 지루하지 않아요. 기대 안하고 봤는데 좋은 영화네요,긍정
은혜,4,"나 생각보다 클리셰 좋아하네..?
2022는 아저씨 아니고 아줌마 인가보다",긍정
씨네필연습생..,5,오기 생겨서 5점 준다. 스토리 자체는 식상할 수 있다. 그러나 국내 여자 주연 영화라는 타이틀 자체가 귀하니까 그것만으로도 볼 이유는 충분하다,긍정
영화잡식주의,2,"박소담 매력 하나로 끝까지 달린 영화
근데 그 매력이 차고 넘쳐서 갠춘
-
덧. 포동아 건강하렴-",부정
영화보는재미,1.5,"이미 티저 영상만으로도 영화 한편 다 봤다. 우리가 이미 다 봤던 영화들을 섞어놓은 작품. 이제 소재가 다 고갈 되었는지 같은 소재 가져다가 전작들을 지우지 못하는 아니 그것보다 더 못한 작품이라면...
한줄평: 제목에서부터 짝퉁스러운 냄새가 난다면...",부정
유지철,2,운전도 하고 싸움도 하고 잠수도 오래 하고.,부정
이혜원,2.5,"2.7 드립니당

카체이싱과 액션에 신경 쏟느라 나머지는 그냥 의무방어전으로 대충 한 듯.

이쯤되면
주인공편 사람들은 그만 용감하고 고문당하기 전에 불자.
이쯤되면
애초에 애를 차에 안 태웠어야 하는 거 아뉘뉘?

왜왜왜
피칠갑과 기나긴 구타가 그렇게 당연한 거야.
맞았다치지 못하고 그대로 다 보여줘야 한다는 강박은 언제 멈추는 거야.

박소담 얼굴 너무 앳되고 귀여워서 표정이 잘 안보이는 것도 아쉽고
꼬마애가 너무 영특해서 살짝 징그러운 것도 좀 그랬다.
십오 년 쯤 후면 이 커플 가능성 있겠네.",중립
차강운,2,킬링타임이라도 해주면 안될까???,부정
알파카 발바닥,2,특송이 아니라 트림이었네,부정
정영훈,2.5,공장에서 찍어 낸 공산품 같은 영화다. 뇌를 비우고 보면 된다.,중립
클로즈-업,2.5,해피엔딩 강박이라도 있는 듯한 결말,중립
na,3,"전형적인 한국영화지만 카체이싱과 전반적인 이야기 흐름, 액션, 캐릭터의 유니크함은 괜찮아서 재밌게 봤다",긍정
지구별여행가,2,박소담이 영화 멱살을 잡고 억지로 끌고간다  송새벽 악역연기는 덤,부정
Eagleeye17,2,소모된 게 아쉬운 몇몇 독특한 캐릭터들.,부정
dinozzo,3,"박은하 a.k.a 글로리아, 다송이를 배송하는 특송 미션",긍정
DK,,"[22.01.12.개봉 / 관객수 444,438명]
[크랭크인/업 19.05.29.-19.10.26.]
+ 스트리밍: 애플티비+, wavve, 티빙",알 수 없음
문혁준,2,어디서 본 멋진 것들을 짜집기한들 코어가 약하면 말짱도루묵.,부정
앙리,2,발암,부정
뭘봐요,2.5,안되는 건 안되는 거다.,중립
니콜라이,3,박소담이 다한영화,긍정
lastal,2,한국영화 쌈마이 느낌은 언제 빠질려나,부정
맨드로바,2,"이 영화만의 특별함은 없는 것 같고, 박소담의 액션만 기억난다.

또 본격적인 이야기가 펼쳐지는 구간의 개연성은 직진하다말고 양방향으로 흩어지는 것 같다.",부정
breathtaking!,2,"15세 치고는 잔인한듯.
자동차 액션은 굿, 스토리는 쉣.
감정선 공감도 안되고... 송새벽 센척하는 연기는  어색해서 못봐주겠다.
.
근데 어린애라도 박소담뻘이면 보통 이모라고 하지 않나? 아줌마라니...",부정
별빠,3,"일자 드라이버의 작렬, 액션 「드라이브」의 엣지, ‘송새벽’의 물오른 무게감, ‘박소담’의 발빠른 기동력, 예상되는 전개 속에서 놓치지않는, 안정적인 흐름의 호흡, 특별하지 않은 장르적인 스타일의 조합, 익숙해진 동정과 연민을 담은 「담보」 전송.",긍정
BeBe,3,"기승전결마다 조금씩 부족한 킬링타임 무비
그래도 중간중간 건질 것은 있었다!!
소담님 다음 영화는 허리우드 액션 어떠신가요??",긍정
랩퍼 M군,2,시원시원한 액션영화인 줄 알았더니 왜 또 담보야,부정
롯데폐인,4,트랜스포터 한국판. 수갑 푸는기술도 좋나봐~~,긍정
오영화,2.5,오프닝만큼은 한국판 트랜스포터네,중립
Gooson,2.5,"베이비 드라이버 한 스푼,
레옹 한 스푼,
아저씨 한 스푼,
감성팔이 열 스푼.",중립
coenjung,3,아역 빼고는 괜찮은 오락영화 따지면 끝도없다.,긍정
강진주,3,진짜 어설프고 개연성 없고 뻔한 클리셰 범벅인데… 재밌었다;; ㅋㅋ ㅋㅋ 신기하네…,긍정
최현진,2,"초반 10분은 제법 잘 배낀 <베이비 드라이버>의 유사작, 하지만 결국 그 이후론 닳고 닳은 한국형 범죄 영화의 고리타분한 답습.
<베테랑>의 조태오 이후, 영화에 잘 녹아들기보다 시상식 트로피에 더 초점을 맞춘 듯한 악역 캐릭터들이 등장하기 시작했다.",부정
보고리뷰,2,"맛 없는 짬뽕탕에서 건질 건 운전 뿐.

짬뽕도 이런 짬뽕이 없다! 《레옹》, 《아저씨》의 스토리 플롯에 《베이비 드라이버》와 컨셉이 겹치는데다가 《드라이브》의 캐릭터 특징과 묘하게 닮아있는 무슨 잡탕같은 영화가 어디있을까 했는데 여기 있다! 왜 사람들이 보면서 다른 작품들이 생각났다고 한 이유를 관람하면서 절실히 느꼈다. 이정도면 너무하다고 생각될 만큼 각본을 그냥 건성으로 제작한 게 아닐까 싶을 정도다. 스토리, 플롯에 대해서는 더 이상 할 말이 없다. 이렇게 맛 없고 영양가 없는 짬뽕을 누가 먹겠는가? 그냥 말 없이 먹거나, 말 없이 손절칠 것이다. 이 영화가 딱 그 모양이다.

그렇다면 이 영화는 정녕 좋은 요소가 없는 것인가? 다행히 그렇진 않다. 마치 일주일 전에 개봉한 《씽2게더》처럼 개연성은 말아먹고 다른 요소에서 큰 점수를 얻어간다. 다른 작품과 컨셉이 비슷한 건 좀 그렇지만, 운전을 통한 장소적 배경활용은 정말 감탄이 나올 정도로 훌륭했다. 부산광역시가 여러모로 많이 나오는데, 부산 특유의 수많은 골목길과 커브길을 오가면서 좋은 의미의 한국적 정서를 작품 속에 진득히 녹여냈다. 거기에 곁들인 운전기술은 그야말로 입이 떡 벌어졌다. 특히나 초반 도입부에서의 운전씬은 스릴감도 있으면서 쾌감도 돋는 제대로 된 장면이었다.

이와 더불어 작중 삽입된 음악들은 《베이비 드라이버》만큼은 못하지만 그래도 요정도면 상황에 잘맞추어 몰입감 있게 들렸다고 생각된다. 연기 또한 일부 조연의 연기를 제외하면 전체적으로 마음에 들었다.

그럼에도 불구하고, 이 영화는 흠 잡을 게 너무나 많고 어디선가 봤던 걸 어설프게 모방한 것처럼 느껴지는 부분들이 너무나 많다. 이런 영화에 나온 배우들이 아까울 정도다. '범죄오락액션'을 내세우는 한국 영화는 웬만하면 거르는게 정답인듯 하다. 대중성을 잡으면서 호평받는 해외 작품들도 많은데 한국 영화계는 왜 계속 이런 영화를 양산해나가는지.. 배급사나 기업 입장에서는 돈만 번쩍 벌면 되겠지만, 관객들도 이러한 영화를 계속 보면 볼수록 지칠 수 밖에 없을 것이다. 지금의 한국 상업영화계는 비유하자면 '트랜스포머 시리즈' 같다. 시리즈가 가면 갈수록 평은 나빠지고 흥행도 끝에 가서는 나빠져서 시리즈가 중단된 그 트랜스포머 시리즈 말이다. 제발 그런 꼴은 나지 않길 바랄 뿐이다.",부정
킴지,1.5,빈 통에 포장도 엉망,부정
또로로,3,주인공은 박소담인데 송새벽 나오는 장면들을 더 힘 줘서 찍었네요 왜죠,긍정
Quavo,2,꼬맹이가 뭐라고 지랄이냐 진짜,부정
문화는 인문학이다,0.5,"딱 봐도 핵노잼. 기대감 0
송새벽 혹시 레옹의 게리 올드만 따라했니??",부정
Erinn Ryu,3,"못섞은건 아닌데, 깊이가 부족한 편.
중간중간 물음표가 뜨는 장면이 있는 것이 사실.
소재야 워낙 사골이니 그러려니 하는데,
물음표 뜨는 구간에서 ‘아, 그냥 기본 설정인가…’
하고 넘겨야 하는 부분들이 존재.

‘아이’라는 K식 소재를 섞지말고,
차라리 은하 자전적인 이야기를 하는건 어땠을지.

그리고 주인공들은 대체 왜 엔딩만 되면 먼치킨이 되는지…
( 이럴거면 그냥 처음부터… 라는 생각 )

두 주연배우분들은 참 좋은데,
스토리가 끝으로 갈수록 점점 중구난방해지고,
엔딩은 음…;;;

그래도 섞여진 재료 영화들을 안 본 사람들은
더 재밌게 볼 수 있을지도(?)

덧) 송새벽 배우님 연기 미쳐버린 수준.
영화 내내 송새벽 배우님만 보임.
박소담 배우님 보이스톤 너무 깔끔해서 좋았다. ㅜㅡㅜ
연기 보는 맛이 있어서 별점이 올라가는 듯.

덧덧) 아 맞다, 남포동은 귀엽다♥",긍정
watchandnote,2,하라는 배달은 안하고 사연팔이만...,부정
청비,2,"<트랜스포터> 베이스에 <아저씨>, <맨 온 파이어>, <레옹> 넣고 사골잡탕 끓이다가 너무 우리는 것 같다는 생각에 애어른 성별만 뒤바꾼 끔찍한 혼종.",부정
이윤석,3.5,"생각보다 킬링타임용으로 나쁘지 않은데?
송새벽은 레옹의 게리 올드맨이 떠오름
아동용 정도로 생각했는데 의외로 하드함",긍정
Joo,1,영화 초반 차량 시동음+일렉트로 팝을 듣고 한국판 영화 '드라이브'를 기대한 내가 한심할 따름이다.,부정
최지웅,2.5,신박한 액션은 없고 신박하게 문닫는 방법은 있네,중립
지수_evol,2.5,저런 실력을 배송 기사로 쓸 바에야 차라리 '악녀 2'를 찍는 게 낫지 않았겠어? 박소담이 아깝잖아!,중립
미카엘,3,청사진에 비해 그림이 영…,긍정
조슈아,3.5,"새로울 것은 없어도 기본적인 몫은 채우고 가는게 어디야. '뺑반'과 '걸캅스'를 생각하면 특종, 아니 '특송'은 모범적인 액션물이다.",긍정
정희원,3,"나도 골목길 저렇게 달려보고 싶었는데. 이태리 같은 곳 말고! 한국 골목길 레이싱 씬은 최고였음.
다만 감독이 조금 더 생각해야 할 것은, 자신이 만드는 영화가 결국 사회의 문화를 재생산하는 역할을 하고 있다는 사실. 혐오적 시선을 넣는 것은 굉장히 조심스러워야 할 것. 당장 여기 댓글만 봐도 노키즈존 이야기가 나옴. 이렇데 의존적이고 떼쓰는 것이 원래 아기라고? 그러면 이런 영화에서 이런 역할로 내보냈으면 안됐지. 그러고 싶었다면, 적어도 그것이 아동혐오의 발판이 될 수 있다는 것 정도는 알고있어야 할 것.
마찬가지로 텐프로 엄마라거나, 불법적인 일을 저지르는 외노자라거나, 배신자가 전라도 출신이라거나, 운전 못하는 아줌마가 심지어 국정원 요원이라거나. 이런 모든 장면들은 분명 혐오를 재생산하는 장면이기에 최대한 지양하거나, 적어도 분명한 이유를 가지고 심사숙고한 끝에 넣어야만 할 것인데, 이 모든 장면이 동시에 나오는 영화임을 감안했을 때 딱히 그런 것을 인지하고 있지 못하는 것 같은 생각이 듬.
너무 아쉬움.
그런 장면이 하나하나 쌓이다보면, 영화 자체의 의미조차 희석되는 것임. 그 누구의 서사도 제대로 넣을 수가 없으니까. 혐오의 대상이면서 동시에 주인공 서사를 어떻게 가질 수 있겠나.
주인공은 여자이기 이전에 탈북자. 우리는 우리의 외부세계를 괴물로 표현하는 경향이 있다. Monster의 어원은 Monsterare로, 숨겨져있는 것이 갑자기 드러나다라는 뜻이다. 외부의 것을 우리는 악마, 괴물, 장첸, 살인마로 표현하게 된다. 악당이든, 주인공이든, 그것은 외부의 타자를 이해하려는 노력이기보다는 이해하지 않으려는 노력에 가깝다. 심지어 여자라는 점도 정에 약한 주인공이 일을 망치게 됨으로써, '여자는 감정적이라 큰 일에 실패해'라는 무언가 굉장히 구시대적 발상을 현실로 이뤄내주었다. 뭐랄까. 그런 감수성이 부족한 것은 분명하다.

연기 좋았고, 악역 마음에 들었고, 운전 씬 멋졌다. 한국 영화계에 좀 더 깊이있는 고민이 필요하다는 걸 알려준 영화라 생각한다.",긍정
Mean Han,2,정말... 극장이라는 공간이 아까웠던...,부정
뭐재밌는거없나,0.5,"영화나 잘 만들어놓고
그 역겨운 트림개그를 하던가

연기 잘하는 애들도 많던데
굳이 걔를 썻어야함??
왜? 기생충때문에?

어차피 베이비드라이버나 트랜스포터 가져온김에 익숙해도 검증된 담보에 나온 아역을 쓰던가

아역이 입 열때마다 안그래도 재미없는영화 더 재미없어짐
제발 동심 묘사한답시고 말도안되는 유치한 대사좀 넣지말자 유치한거랑 동심이랑은 다릅니다

마지막에 송새벽이 박소담한테 얘가 뭔데
그렇게 난리냐고 물어보는데 박소담도 대답못함 왜냐면 자기도 모르거든

그만큼 엉성한 스토리",부정
고망쥐,2.5,"아이한테 목숨 거는 스토리 진짜 너무 별로고
역시나 나의 불안한 예상은 적중했지만
갓새벽 배우 연기에 감탄하고 갑니다...👏🏻👏🏻👏🏻
카 액션만 보여줬으면 더 깔끔했을 듯.",중립
이팔청춘,3,"여자와 아이를 데리고 카 체이싱 영화를 찍는 용기보다
이런 각본으로 영화를 찍는 용기가 더 대단.
매력적인 캐릭터가 고양님 한분이라는게 슬플뿐...
[20220104 시사회]",긍정
황민철,2.5,"잘 뽑아낸 장르적 쾌감을 사연팔이로 시원하게 말아먹는다. 타이틀만큼이나 번듯하게 만들어낸 카체이싱의 속도감이나 소재를 적극 차용한 액션시퀀스, 박소담이라는 배우가 만들어낸 개성있는 캐릭터처럼 칭찬할 부분이 많음에도 영화는 굳이 안해도 될 말들을 하나 둘 첨언하며 삐걱대기 시작한다. 한참 잘 달리다가 감만 믿고 네비게이션 없이 나아간 길이 잘못된 방향이였다는 것을 알게되었을 때는 이미 한참은 늦은것처럼.",중립
skysurfing,3.5,"박소담 배우님, 멋져요.
역시 영화에서 반짝반짝 빛난다!
여러 영화가 떠오르지만 이런 류의 영화는 많으니까.
근데 그 영화들엔 박소담 배우가 없잖아요.
배우들의 좋은 연기와 케미, 예상 가능한 스토리지만 스릴 있고 재미있다. 잔인한 장면에서 화면을 돌리거나 소리만 나오는 것도 보는데 불편함을 덜어줘서 괜찮았다.
대로변, 골목길, 주차장, 장소를 가리지 않고 질주하면서 방향을 자유 자재로 휙휙 바꾸는  자동차 덕분에 상쾌했다. 그 속도로 자동차 사이에 쏘옥 주차가 가능하군요! 부러워요ㅎ

'내가 운전하고 내가 싸움도 하고'
앞으로도 다 해주세요.
멋지게 다 부숴주세요!!!

(마지막 특송 대상이 참 잘생겼네요.
감독님의 애정인가요.)",긍정
조정희 영화평론자,2.5,"특송

박소담의 기생충에서의 시니컬한 캐릭터는 한 번더 살리기에 충분한 설정이다.
게다가 늘 답답했던 한국의 카체이싱 장면에 자본과 수많은 컷의 편집을 불사하고도 추격씬에 생명력을 끌어넣은 박대민 감독의 새로운 역량을 확인하게 된 것도 좋은 발견이다.
하지만 베이비 드라이버 처럼 조금 다른 메시지의 진부하지 않은 내러티브가 들어갔다면 좀 더 만족감을 주지 않았을까…",중립
은진,0.5,납득할 수 없는 애새끼 투입.,부정
찐이다,2.5,"하나부터 열까지 다 과하지만
그래도 박소담은 또 다 잘하지",중립
이산,4,멋진 여자와 고양이 그리고 카체이싱의 조합은 옳지 않을 수가 없다,긍정
톄슈,3,"애는 좀 빼자
아저씨가 될 수 있을거라 생각하나.",긍정
기록지향적생각아카이브,2,애 데리고 애썼지만 애매하고 애처롭다,부정
Park Changyee,2,오만함과 뻔뻔함까지 갖춘 레옹,부정
이용희,0.5,"배달은 감성으로 하는 것. 

구태한 설정부터 구태한 캐릭터, 구태한 대사, 구태한 연출까지, 구태의 절정을 보여준다. 문제점을 꼽자면 끝도 없지만, 그 중에서도 가장 큰 문제는 은하와 서원이에게 감정이입하게 만들 빌드업 과정이 전무하다는 점이다. 이후에라도 케미가 생기길 바랐지만... 과한 욕심이었다. 시덥잖은 트림으로 뭔가를 만들어보려 하지만 효과는 없다. 아니, 역효과라 단언한다. 
2022년 1월 15일에 봄",부정
박찬욱,3,"여기저기서 이 요소 저 요소 끌어온 짜깁기이긴 하지만, 이 정도면 성의있는 양질의 것.",긍정
낡은호출기,3,재미를 인질로잡고 뻔한도로를 쿠팡보다 급발진,긍정
재민,1.5,차라리 <베이비 드라이버> 하나만 진득하게 잘 베끼던가.,부정
씨네마진혁,2,"성의없는 대본, 부족한 인물서사, 빈약한 카체이싱, 장황한 연출/  간단히 감독의 문제이기 보다는 연출진 모두의 불성실함",부정
마리누스,3,"자동차엔 악셀과 브레이크가 달려있다는 걸 대변이라도 하듯, 달릴만하면 꼬꾸라진다.

[22.01.04 용산아이파크몰 시사회]",긍정
영화같이멋진,3.5,나름 연기도 좋고 연출도 괜찮았다. 스토리는 장르로 분류될만큼 재미난 소재여서 무난하다.,긍정
종진,1.5,그냥 트랜스포터를 한번 더 보는게 낫겠다.,부정
권진혁,2,하나하나 어디서 전부 본 듯한 느낌.,부정
moongun,2,베이비 드라이버 + 모범택시 의 외전,부정
이남엽,2,차에서 내림으로써 속도를 잃은 순간부터 매력은 사라졌는데 그 자리를 어중이떠중이로 매꾸려고 한다.,부정
John Doe,2.5,#NAME?,중립
쿨걸,4,"사연많은 남주 + 어린여자아이가 악당을 피해 도망치는 영화 -> 식상하다

사연많은 여주 + 어린남자아이가 악당을 피해 도망치는 영화 -> 신박하다!

뻔한소재가 성별이 반전되니 이게 또 재미가 있네요

박소담의 원톱 카체이싱액션물이라니요 이건 봐야죠 ~.~
송새벽의 악역연기도 너무 매력있었습니다
- ""난 예수고 얜 모세야 갈라져라""",긍정
Cinefilo_wd7,2,"잘 안되는 영화들의 공통점은
친절해야할때 불친절하고
불친절해야할때 친절하다는 것.
.
이 영화의 매력을 모르겠다.
킬링타임용 그이상도 그이하도 아닌.",부정
현진,1.5,운전 잘한다ㅎㅎ,부정
Axllow,2.5,기생충이후 최우식과 박소담의 다음 연기가 기대됐는데 연기면으로만 보면 박소담의 연기가 좀더 성숙됨을 이 영화로 느꼈다. 자동차운전이나 초중반까지는 영화자체가 즐겁다. 중반이후부터 내용이 산으로 가기시작하지만 박소담의 연기와 조금 오바스럽지만 송새벽의 연기변신도 볼만하다. 킬링타임용으로 볼만하지만 엔딩부분이 너무 싸구려영화로 만들었다. 억지감동과 어설픈 해피엔딩으로 초중반 공들인게 모두 무너진 느낌.. 그래서 박소담과 아이는 과연 행복할수 있을까?? 아니 과연 같이 살기는 할까? 의아함이 남는다.,중립
Taeshin Kang,4,"한국형 카 체이싱!

생각보다 재미있게 보았는데, 박소담 배우의 늘지 않는 연기?

#2022.02.06.",긍정
CGV SVIP,0.5,드라이브+아저씨 우라까이. 누가봐도 누난데 자꾸 아줌마라고 고집해서 좀 촌스러움,부정
권샤방,3,그냥 저냥 볼만하다 액션이니 뭐니해서,긍정
습윤,3.5,호쾌하고 박진감 넘치는 운전씬과 액션이 돋보이는 영화. 박소담의 카리스마와 매력이 영화의 모든 구석구석을 꽉 채운다.,긍정
김예지,2.5,스포일러가 포함되어 내용을 생략했습니다.,중립
Fromme,3.5,헐리웃 영화에선 흔하게 보던 설정과 캐릭터가 한국형으로 무난히 변환된 느낌이다. 좁은 길에서 펼쳐지는 카체이싱 장면도 즐길만하지만 마지막에 좁은 공간에서 펼쳐지는 박소담 배우의 액션이 의외로 매우 인상적이다.,긍정
moviemon94,2.5,"지루하지 않다. 다만 정말 특색이 없다.
온갖 레퍼런스를 그냥 막 비빈 장르물에 불과하다.",중립
퓨퓨,3.5,"박소담이랑 결혼하려고요
내일 식장으로 와

+) 보는데 건파우더밀크셰이크와 케이트, 아저씨가 겹쳐 보였다
특송 보고 나와서 쭉 다시 보는 것도 재밌을듯
상처입은야수같은 깊은 눈을 가진 외로운 어른과 한없이 연약하지만 단단하기도 한 아기들의 조합은 언제나 응원하게 되더라
맘아프지만 귀여워서 아주 매력적이야",긍정
무비매니악,0.5,얄팍하다 ... 아저씨보다 잘만들어야지 이왕할꺼면...성별만바꾼다고 되나,부정
이매송이,1.5,원래 1점인데 다송이 귀여워서 0.5점 더 줌,부정
한민영,3.5,사실 박소담 보려고 봤는데 제법 능청스럽게 투잡뛰는 역할 잘한 송새벽 칭찬해.,긍정
JeongpilChae,0.5,"아저씨2 : 아줌마

하지만 원작의 발뒤꿈치도 못 따라간다.
아줌마랑 애기가 아무 케미도 없이
서로 짜증만 내다가
갑자기 후반되니까 억지로 애틋해져?ㅋㅋㅋ
중간에 진짜 너무 루즈해져가지고 보기 힘들었다.
같이 일하는 백선생 그렇게 된걸보고
급 복수심에 불타는 눈빛에
나나나~하는 브금이 말이나 되냐?ㅋㅋㅋㅋㅋ",부정
홍상수,2,특수,부정
나이트 시네마,2,"제가 웬만하면 존댓말로 리뷰 쓰는데, 여기서는 반말로 쓰겠습니다.

그래, 이럴 것 같았다. 이럴 줄 알았다.
그래도 우리 소담이의 첫 단독 주연작이라 극장에서 봤다...

[단점]
- 카 체이싱을 중점으로 홍보했는데 카 체이싱보다 맨몸 액션을 더 잘 찍었다.
- 우리가 [아저씨]에서 태식을 응원할 수 있었던 이유는,
소미를 저렇게 해서라도 구해야만 한다는 동기가 관객들에게 충분히 전달되었기 때문이다.
- 그런데 [특송]은 저 말도 안 듣는 짐 덩어리 애를 대체 왜 저렇게까지 구해야 하는 건지 전혀 그 동기를 알 수가 없다.
- 한현민 배우는......'앞으로' 잘 합시다....
- 말도 안 되는 억지 결말

[장점]
- 맨몸 액션은 잘 찍었다. 특히 마지막 액션은 건질만했음!
- 촬영 감독님이 고양이를 어떻게 찍어야 하는지 잘 아는 분인 듯.
- 송새벽 배우 특유의 억양이 저렇게 섬뜩하게 사용될 수 있구나. 연기 정말 잘했다.
송새벽 배우 밖에 기억에 남지 않는다.
- 온몸 던져서 고생한 소담이... 고생했다...",부정
민드레,2,빠르게 달리던 엑셀 던지고 브레이크 장착 완료.,부정
park,3.5,"최대한 간단히 가지치기하려는 성의는 인정, 허나 덜 예열된 엔진으로는 여러모로 뒤가 찜찜하다.",긍정
빈센트,2.5,"초반 카체이싱으로 번뜩이게 시작했지만
후반으로 갈수록 삐걱 거리고 산만하다

+박소담배우 스타일링이 찰떡이여서 아주 예쁘게 나온다. 연기도 훌륭하고 송새벽배우는  전형적인 악역을 배우의 힘으로 살려냄",중립
메디베이,5,스포일러가 포함되어 내용을 생략했습니다.,긍정
램쥐,1.5,OMG...,부정
모정연,5,"ㅈㄴ 재미있다 소담눈나 이뻐요
왓챠 꼭 나와라 ㅈㅂ..",긍정
김남희,3,"짧은평: 음 그래 영화적 허용이지
어..그래 영화적 허용..
에이씨 이것도 영화적 허용?
---------------------------------
액션하고 차량 추격씬은 볼만했습니다 하지만 엔딩이 너무...뭘 말하려는건지도 모르겠고..음....🤔
그래서 3점 주려고 했는데 박소담 배우님이 너무 예뻐서.. 그래서 4점..이라고 하기에는..음...
네 그렇습니다 3점",긍정
김은중,3,스포일러가 포함되어 내용을 생략했습니다.,긍정
동구리,2.5,"부산에서 폐차장을 운영하는 백사장(김의성)과 함께 일하는 운전기사 장은하(박소담)는 독특한 일을 하고 있다. 수하물을 가리지 않고 배달하는 ‘특송’ 전문 드라이버인 그, 어느 날 프로야구 승부조작 브로커의 어린 아들 서원(정현준)을 맡게 되고, 서원이 가진 은행 보안키를 찾기 위해 경필(송새벽)이 그를 쫓기 시작하며 특송이 꼬이기 시작한다. <그림자 살인>, <봉이 김선달> 등을 연출한 박대민 감독의 신작이자, <기생충> 이후 박소담의 첫 영화 주연작이다. 뤽 베송의 <택시> 시리즈나 제이슨 스타뎀의 <트랜스포터> 시리즈 같은 액션 영화가 연상되고, 월터 힐의 <드라이버>, 존 카사베티스의 <글로리아>, 그리고 <레옹> 등에서 따온 설정들이 눈에 들어오는 작품이다.
_
<특송>은 유럽과 할리우드 영화에서 따온 요소들을 한국적으로 버무리기 위해 노력한다. 이는 딱히 부정적인 의미는 아니다. 백사장의 폐차장이 부산 기장 지역에 위치해 있는 만큼, 부산지역의 골목길 곳곳이 영화에 사용된다. 특송 전문 드라이버인 장은하가 경찰 또는 경필 일당과 벌이는 카체이싱 장면도, 다시 보고 싶을 정도로 인상깊지는 않지만, 충분히 즐길만한 퀄리티를 선사한다. 장르적 쾌감에 집중하면서도 캐릭터의 전사를 놓치지 않고, 그것을 굳이 플래시백 같은 방식으로 보여주지 않는 다는 점도 나름의 장점이다. 장은하라는 캐릭터는 구질구질하지 않다. 그가 지닌 한국적인 맥락의 사연들은 자세히 설명되는 대신 기본적으로 ‘쿨’한 장은하의 몇 가지 반응으로 처리되고 넘어간다. 즉, 캐릭터의 사연을 강조해 관객들의 감정을 건드리는 한국 상업영화 특유의 전략을 택하지 않는다. 대신 장은하의 캐릭터를 설명하는 몇 가지 간결한 요소, 가령 팻캠으로 반려묘 포동이를 본다던가, 철두철미한 프로지만 뭔가 자꾸 놓고 다닌다는 것 등의 장면과 설정을 추가해 캐릭터를 풍성하게 만든다.
_
하지만 그뿐이다. <특송>을 특별하게 만들어주는 것은 딱히 없다. 카체이싱은 충분히 즐겁지만 기억에 남진 않고, 카체이싱 대신 육탄전으로 채워지는 클라이맥스는 액션의 만듦새가 나쁘지 않은 것과 별개로 다소 맥빠지는 위치에 놓인다. 초등학생인 서원 캐릭터는 한국영화에서 아이를 다룰 때 반복되는 양식, 한없이 철딱서니 없는 아이와 애늙은이처럼 의젓한 아이의 이분법을 열심히 오갈 뿐이다. 영화의 악역인 경필은 독특한 대사톤과 제스처로 주목받았던 송새벽 배우가 기존과 다른 연기를 선보임으로써 나름의 쇄신을 꾀하지만, 도리어 연기변신이 경필을 <특송> 이전에도 존재했던 여러 악당 캐릭터와 유사한 인물로 만들어버린다. 108분의 러닝타임이 크게 지루한 것은 아니다. 명절 시즌을 노려 개봉한 작품은 아니지만, 삼촌 이모가 중고등학생 조카를 데리고, 사촌동생을 데리고 두 시간을 보내기에 적당한 오락 영화다. 그것만으로도 영화의 소임을 다한 것이지만, 기억에 남을 임팩트 있는 장면이 하나만 있었더라면 하는 아쉬움이 남는다.",중립
청춘예찬,1.5,클리셰 그만. 킬링타임으로 보기에도 거북한 클리쎄 모음,부정
DoHoon Kim,3.5,영화제목 : 아줌마,긍정
미드나잇인파리,3,"초반부 카체이싱에서 본 희망을...
부디 후속편에서 이어나가길 바라는 마음에서",긍정
김서갑,2,잘 만든 인스턴트 짬뽕밥을 다 먹어갈 때쯤 주방장이 깽판을 친다.,부정
이그뤁,2.5,"배우들의 연기변신과 열연을 살리지 못한 미숙한 연출과 부족한 스토리.
초반 카체이싱 이후 연출은 서서히 힘을 잃는다.
노력했던 액션들은 너무 어두워 보이지 않고, 배우들의 열연에 그림자가 드리운다.

- 2022. 1. 7, CGV 영등포, VIP 시사회",중립
Hoon,1,"일부러 이리 만들기도 쉽지 않다, 좋은 배우들을 가지고.",부정
아재요🥽,2.5,"221220
너무 아쉬운게 많다. 마치 멋진 대사와 멋진 장면을 짤로 내놓으려고 만든 느낌. 그래서 뭔가 크게 결여되있다.",중립
네모로 배우는 세상,3,"특..별한 스토리는 아닌데
송..새벽과 박소담의 연기가 좋아 3점.. 아역배우도 너무 귀여웠고..",긍정
김재박,2,뭔가 스피디하게 만드려는 것 같았는데 왜이리 지루한지...,부정
무호두,3,"개성 없는 스토리의 밋밋함, 하지만 박소담은 빛났고 골목길 카체이싱은 신선했다.",긍정
주디,2.5,초보운전인 나는 운전씬이 제일 아찔했다,중립
무온도,2.5,귀한 배우가 흔한 영화를 신선한 시도로 바꿔 놓았다.,중립
부자연,3,"장은하(박소담), 조경필(송새벽), 백사장(김의성), 김서원(정현준), 한미영(염혜란), 아시프(한현민)
주연. 박대민 감독 작품.
20230123 MBC 설날특선
250803 MBC 출비 영화대영화",긍정
탄호빵,2,카체이싱 장면은 멋있다. 하지만 스토리나 다른 부분은 아쉬움이 남는 영화이다.,부정
김민섭,2.5,박소담 배우 때문에 봤습니다.,중립
박동형,2.5,"(대충 영화 이야기)

특송 (2022)

한줄평 : 운전은 잘하는데,,

티비 채널 돌리다보면 나오는 한국영화에서 심심찮게 볼 수 있는 오락, 범죄, 스릴, '한탕해보자'등의 장르들과 카체이싱을 막 버무리고 비비니깐,
맛있는 열무비빔밥이 아닌 그냥 꿀꿀이죽이 나왔다

'베이비 드라이버'를 참고했던 것 같은 괜찮은 카체이싱 장면도 몇 번 나오다가, 차는 어디 갖다버리고 그냥 맨몸만 던지는게 못마땅하네

아니 수위는 또 무슨 일이냐? 내가 알기로 설 연휴에 개봉해서 가족들 노린 것 같은데 무슨 손등에 나사를 박아버리고, 시종일관 피 칠갑질이고, 하루종일 칼질하고,,클레임 겁나 들어오겠네

장점 : 박소담한테 왜 자꾸 아줌마라고 하냐 이모도 아니고
단점 : 애 좀 그만 징징대면 좋겠다",중립
서정우,2.5,"인상적인 카체이싱으로 멋지게 주인공을 등장시켜놓고 엉뚱한 이야기에 휘말려서 이리저리 치이면서 속도감은 떨어지고, 갑작스러운 죄책감으로 인한 은하의 행보도 의아하기만 하다. 관객을 설즉하지 못하니 <베이비 드라이버>와 <레옹>의 짜깁기 아류작이라는 비판도 합당해보인다. 마지막으로 영화의 결정적인 핸디캡은 아역배우의 연기.",중립
조아이,3,이탈리안잡에서 아저씨까지,긍정
kimter,2.5,"뭔가 우당탕탕 하기는 하는데, 게리 올드만 역의 송새벽 말고는 기억에 남는게 없다",중립
정영훈,3.5,박소담이 반짝 반짝 매력적인 드라이브. 송새벽은 어찌저리 미울꼬 ㅎㅎ,긍정
새싹,3.5,정 때문에 죽고 사는 게 삶이다가 이 영화를 관통하는 중심인가? 과정은 애매한데 결과가 좋으니까 된 건가. 아리송. 2022. 04. 08. 3.5,긍정
마늘빵,2.5,박소담 보려고 끝까지 봤다. 여러모로 부족한 영화. 자동차 액션은 조금 볼만했고 소담이 머리 했네 하면서 계속 봤다.,중립
No name,1.5,"전반적으로 어색하고 허술한데 사운드가 제일 어색허다-
주변 사람들 소리 하나도 안들리고 오슷트 구리고..
총을 던졌는데 플라스틱 소리가 나믄 으쩌자는 거시냐-
송새벽 연기 컨셉 지짜 하,,,
아이 송새벽 목소리 톤은 무슨 류준열이세요?
다된 박소담에 송새벽 뿌렸네

망령되이얻은재물은줄어가고
손으로모은재물은늘어가느니라",부정
byulbyulbam,1,"액션은 화려함이 아니라 '리듬'에서 완성도가 결정된다.

(2022.01.15)",부정
주준형,3.5,"뻔한 스토리를 예상했는데 예상 밖의 속도감과 몰입감에 한 번 놀라고, 촘촘히 짜여진 영화적 구성에 두 번 놀란다.",긍정
SSONG,2,"예고편만 보면 된다.

예고편 본 후 매긴 점수가 100이었다면,

영화를 보면서 점수가 마이너스로 간다.

송새벽 폼이 다시 좀 올라오는 것 같다는게 유일한 위안

20220213",부정
허윤영,3.5,신파랑 막판 갑작스런 여자판 아저씩 전개만 넘어가면 뺑반보다 나은 한국판 카체이싱 영화.,긍정
무비갓,3.5,영화관에서 보는데 육성으로 한번 터짐.,긍정
림군이,1,트랜스포터를 꿈 꾼 똥차 특송,부정
벵말리아,3,어디선가 본 것 같은 장면이라도 재밌게 시간 후딱 지났다. 송새벽 배우 새로운 연기톤 좋았음.,긍정
HAN,3.5,자동차 액션이 시원시원하고 재미있다. 감독이 너무 많은 설정을 넣은 것은 좀 아쉽다. 쿠키영상도 아쉽고,긍정
공태건,2.5,개성 한 스푼만 더 넣어줬더라면 어땠을까?,중립
Fitz,4,"믿고 보는 배우들은 믿고 볼만했고
새로운 얼굴들은...
어쨌든 은하 자체만으로도 충분하다.",긍정
시누이,3.5,청불로 감독판 나왔으면 좋겠다.,긍정
김김밥,2,레옹+베이비 드라이버+은밀하게 위대하게+이퀄라이저.... 좀 더 보태면 익스트랙션... 빠른 카체이싱을 원했지만 빠른 핸들 돌리기 씬만 본 것 같다..,부정
Apoteosis,4,"생각보다 재미있었다. 내용은 “베이비 드라이버” + 존 카사베츠의 “글로리아” + 거기에 글로리아의 gender를 바꾼 “레옹” 한 스푼의 송새벽 연기. 그런데, 영화 내용과 전혀 따로 노는 듯한 음악이 점수 깎아 먹음.",긍정
장호준,3,"존 카사베츠의 [글로리아]와 이를 비튼 뤽 베송의 [레옹] 그리고 [용의자]를 비롯한 한국적 설정에다가 [베이비 드라이버]의 플롯 구조에다가 후반부의 액션시퀀스는 안톤 후쿠아의 [이퀄라이저]의 느낌도 많이 활용된다.

송새벽이 연기하는 악질 형사는 [레옹]의 영향력이 짙게 느껴지지만 송새벽씩의 변주가 이루어졌다고 할 수 있겠다. 전반부에 꽤 경쾌한 카레이싱 프롤로그로 시작하는 신선함이 후반부에는 피칠갑 대결 시퀀스로 넘어가는데 이런 전개는 이상할 것은 없지만...

박소담이 연기하는 장은하 캐릭터는 '산전 수전을 겪은 새터민'이라는 설정 외에는 막강한 전투력을 지닌 이유가 각본적으로 충분히 설명되지 않았다는 생각이 든다. 전체적으로 빠른 호흡의 전개를 통해 이런 설정들이 충분히 설명되지 않아 극적 핍진성을 메우는데, 범죄 오락 액션 영화로서의 흐름이 나쁘지는 않아 크게 나쁘다는 느낌은 약한 편이다.

하지만, 각 등장 인물들이 왜 거기 놓여있는지라거나 각 인물들간의 화학 작용이 충분할만큼의 주어지지 않아 감정선들이 종종 무리하게 느껴지는 부분이 많은 것 역시 사실이다. 그러다보니 나쁘지 않은 오프닝 시퀀스와 레이싱 액션 히어로라는 설정들이 후반부로 갈 수록 퇴색된다는 느낌이다.

그래도 이런 부분을 적당히 눈감으면 꽤 즐겁게 시간을 죽일 수 있는 영화다.",긍정
투빅이,3,그래도 카체이싱은 기억에 남는다.,긍정
류양,3,"트랜스포터 + 베이비드라이버= ?
염혜란 배우가 개성없는 역에 소모된 것같아 안타까웠다. 그래도 킬링타임용으로는 나쁘지않았다
🎬 CGV 위례스타필드시티",긍정
밍8-w,3.5,"요근래 본 한국 액션 영화 중에서 제일 괜찮았음.
이렇게 불편한 지점이 덜한 액션 오락 범죄 영화 찾기 어려운 세상...",긍정
SATOR,2.5,"뇌비우고 보면 뭐 그럭저럭, 전형적인 한국 범죄영화",중립
Lv1 문화인,4,"카체이싱 액션이 인상 깊었던 영화.
자동차 엔진 소리와 사이드 브레이크 소리, 타이어 마찰음 등
영화를 보는 동안 나를 카레이서로 만들어버렸다.

스토리 자체는 뻔한 클리셰 범벅이라 아쉽긴 하지만
박소담 배우의 멋진 액션씬만으로 충분히 만족했던 영화.",긍정
probohemia,2,"니키타 레옹 니드포스피드 베이비드라이버 뽕짝.
김의성 배우를 제외하면 연기구멍 투성이…
창작물이 아니고 여기저기 모아다 짜집기했네…",부정
제트별,2.5,끈덕지게 물고 가는 캐릭터 체이싱 원툴,중립
라씨에이,2,"4.0/<베이비 드라이버>의 짝퉁, 아류작이란 빈정거림이 오히려 휘황찬란한 수식어로 느껴질 만큼 우려했던 것보다 훨씬 더 별로인 졸작. 클리셰들조차 효과적으로 써먹질 못해서 전형적이란 평가마저도 붙여주기 아까울 지경.
/
주인공이 애를 달고 다니게 되는 계기가 영 설득력 떨어짐. 의뢰인인 애 아빠는 죽어버렸고, 애는 고아들 다루는 조직에서 데려가게 됐고, 주인공네는 배송비 챙기고, 그 조직이 당장 애를 데리고 뭐 이상한 짓을 벌인 것도 아니고. 주인공이 딱히 애를 챙길 만한 사연 같은 게 제시된 상태도 아님. 모든 게 일사천리로 적당히 깔끔하게 정리된 상황임에도 유리에 비친 자기 얼굴 쳐다보는 장면 하나만으로 심경이 바뀌어서는 굳이 애를 데려오는데, 그냥 답답하고 억지스러워서 짜증이 날 뻔했음. 이후로 주인공이 가족 다 죽고 혼자 탈북했다는 사연이 공개되긴 하지만, 하다못해 탈북 당시의 상황을 재연하는 성의조차 보이지 않아서 주인공의 병크는 여전히 설명이 안 됨. 그냥 주인공이 애를 데려오지 않으면 이야기 진행이 안 되니까 데려왔다고 밖에 판단할 수가 없었음. 마찬가지로 김의성이 아이와 주인공을 목숨까지 걸어가며 감싸는 모습도 설득력 겁나 부족함. 이 또한 본인이 주인공 탈북할 때 브로커였다는 사연을 단지 대사만으로 제시하며 퉁침. 이렇다보니 아이를 구하기 위해 송곳 하나 들고 쳐들어가는 주인공의 모습 또한 납득이 될 리가 없음. 그냥 각본 자체가 겁나 허술하고 게으름. 캐릭터들이 미련한 선택을 할 때마다 관객들이 으레 알아서 상상력을 발휘해 주겠지 하는 안일한 생각으로 얼렁뚱땅 넘어가기 일쑤라서 괘씸하기까지 함. 보는 입장에선 이렇게 하지 않으면 이야기가 진행되지 않을 테니까 인내하며 봐주고 있는 건데, 영화는 자꾸만 선 넘는 안일함과 게으름을 일삼고 있음.
/
막판 갑자기 각성해서는 무쌍 찍고 살육전을 벌이는 주인공의 모습 역시 겁나 뜬금없고 어이도 없음. 운전 능력치에 몰빵했단 설정의 주인공이 갑자기 준 블랙위도우급 신들린 몸놀림을 펼치며 혼자 깡패들 여럿을 제압하고 악당과 일대일 상황까지 만들어냄. 주인공이 사실 싸움도 만렙이라는 설정을 내가 중간에 놓친 건가, 내 잘못인가 싶을 정도로 난데없이 펼쳐지는 격투액션 덕에 즐기고 말고 할 겨를도 없이 저게 뭔가 하고 벙쩌있을 수밖에 없었음.
/
어찌어찌 주인공이 애를 데리고 다니게 됐으니, 영화는 이제 그 둘의 케미를 통해 흥행 포인트를 뽑아먹으려 안간힘을 쓰기 시작함. 허나 주인공이나 아이나 배우의 역량을 떠나 캐릭터 자제에서 매력이 전혀 느껴지지 않다보니 둘 사이에서 뭔가를 빼먹을 건덕지조차 없음. 주인공은 아이를 대함에 있어 츤데레 말고 그냥 온냉을 오가며 갈팡질팡 하기만 하고, 아이는 떼쓰거나 소리 지르거나 트름만 꺽꺽 해대고 있고, 그렇다고 둘이 도망다니면서 함께 보내는 시간이 그닥 애틋한 것도 아니고. 그냥 흐름상ㅈ어쩌다보니 서로가 서로에게 소중한 존재가 돼있을 뿐이었음. 이 또한 게으르고 안일한 각본의 결과물이라 할 수 있겠음. 당연하게도 아이가 주인공에게 쓴 편지를 낭독하고서 둘이 재회하는 엔딩 또한 전혀 반갑지도, 흐뭇하지도 않았음.
/
카체이싱 액션의 퀄리티는 꽤 괜찮은 편이지만, 그렇다고 이 영화만의 차별성 같은 걸 갖췄다고 보기엔 또 애매함. 꼭 이 영화가 아니더라도 좀 공을 들였다 싶은 상업영화라면 주무기가 카체이싱이 아니어도 충분히 뽑아낼 수 있을 법한 수준임. 더불어 영화의 제목이 무색하게도 제대로 된 카체이싱은 영화 통틀어 서너 번이 고작임. 질적으론 평균 이상은 하지만, 양적으론 영 만족스럽지 못하기에 시원시원한 카체이싱 액션이 기대 포인트라면 굳이 이 영화의 다른 치명적인 문제점들을 견뎌가면서까지 즐길 필요는 없어보임.
/
박소담이 맡은 캐릭터는 전형적인 건 기본에 너무 입맛대로 편의적으로만 움직이니 그냥 뭔가 코멘트를 덧붙이고 싶은 생각조차 들지 않음. 염혜란의 국정원 어쩌구 캐릭터는 결과적으로 막판 상황을 수습하기 위해 모든 게 마무리된 이후 타이밍 좋게 등장하는 경찰차 싸이렌 정도의 역할이 고작이었음. 경찰이자 깡패라는 흥미로운 정체성을 가진 악당을 중간중간 견제하며 또다른 긴장감을 자아내는 역할은 애초에 맡겨주지도 않았음. 한마디로 염혜란 정도의 배우를 기용할 만큼이 절대 아닌, 그냥 간절한 단역배우 누군가에게 기회를 주는 게 윈윈일 정도의 역할이었음. 김의성의 백사장은 티격태격하지만 누구보다 주인공을 아끼는 전형적인 모습을 보여주다 샷건 몇 방 갈기는 짧은 활약 끝에 허무하게 퇴장하는 영양가 없는 캐릭터였음. 그나마 영화에서 유일하게 건질 만한 송새벽의 악당 캐릭터는 배우 특유의 버벅거리고 허술해 보이면서도 만만치 않은 포스를 뿜어내는 스타일을 십분 살린 꽤 괜찮은 캐릭터였음. 분명 막 현실적이지 않은 과장된 컨셉의 연기를 펼치지만 전혀 오글거리거나 어색하지 않고, 오히려 꽤 폼이 날 정도였음. 물론 캐릭터의 서사 자체는 앞뒤도 안 맞고 영 형편없는 가운데, 전적으로 배우가 잘 살린 케이스라서 배우만 쏙 빼서 칭찬해주고 싶은 마음임.",부정
simple is best,3,킬링타임으로 무난하게 재밌음. 그럼 된 거 아닌지,긍정
마녀늘보,3,"2022. 1. 18
가지가지한다 참. 네 가지가지하셨네요 ..
카체이싱에서 갑자기 육탄전 특공대원이 나오면 어찌하나요.
배우들 연기만 쇽 건져보겠습니다 ...",긍정
Kodor,2.5,이젠 이런 영화가 언제까지 나오려나 약간 궁금하다. 당신이 포스터를 보고 예상했을 그 내용이 맞다,중립
Kang,3,"영화가 끝나갈수록 아쉽다라는 생각이 가장 크고 쫌 더 그 이상을 바라볼 수 없는 걸까 카액션 여성원톱 등 영화들이 나오는 것은 좋지만 각색, 연출 등 아쉽다
다만 이 영화의 좋은 점이라곤 가장 첫번째는 송새벽 배우의 인상깊은 악역연기이고 두번째를 뽑자면 박소담 배우의 연기력이지만 작은 그릇을 채우기엔 분에 넘친다",긍정
이동건,3.5,박소담 님의 운전 연기 아주 멋졌어요 ㅎㅎ 킬링 타임으로 아주 괜찮아요,긍정
조경환,1.5,감독은 재능이 없으니 재능낭비라는 말을 안들어서 좋겠다.,부정
간우석,3,그래도 국내판 분노의 질주라고 생각하면서 봤지만 박소담은 기생충 나올때보단 좋았다!!!!,긍정
EunjiLee,2,스포일러가 포함되어 내용을 생략했습니다.,부정
박준현,2.5,개연성도 없으면서 유치하게 힘만 잔뜩.,중립
볼게너무많은데머볼까,2,"홍보영상만봐도 베이비드라이버짝퉁이고
광고가 많이나온다? 10에 7ㅡ8은 개망작이라
홍보라도많이해서 관객수올릴려고그럼....",부정
jememe,3,"아저...씨....?
한국 범죄드라마 그 이상도 이하도 아닌데 박소담만으로도 충분했다.
그런데 만들면서... 새터민도 우리 사회의 구성원이라는 생각은 안들었을까? 재밌게 보겠니?",긍정
정영운,4,희대의 빌런 송새벽과 모성애 박소담,긍정
Jin,1.5,"박소담이랑 포동이 브이로그가 이거보다 재밌겠다
⠀",부정
RAW,2,"롯데리아 불고기 버거
1.9/5점

반도 차량 액션 씬 보다 크게 진보한 건 인정

근데 내장 그래픽에 인텔 기쿨은 선 많이 넘었지

중국 영화 한 편 본거 같은 기분",부정
"Kinomad,",3,"서원아, 아줌마는 오늘 배달만 한다.",긍정
검은여우,3,뭐야?! 왜 은근 재밌지?!,긍정
김미정,3.5,보는 내내 운전실력에 감탄하게 된다 대리만족 제대로. 아저씨들 감탄사가 들릴 정도니ㅎㅎㅎㅎ   편하고 가볍게 보기 좋다. 조금은 잔인했지만.,긍정
haru,3,"애가 너무 고생했겠는데 ..? 라는 생각만😥
생각보다 더 자비없는 느와르😨",긍정
첼로비올라케,2,신파만 없으면 3점,부정
장민아,3.5,"송새벽 연기 왜이렇게 잘해?
내가 알던 송새벽이 아니었다
그리고 남자친구 해준댘ㅋㅋㅋㅋㅋ
바지에 오줌 안 싸는 남자가 이상형이라고 ㅠ",긍정
왓탁,2.5,헛웃음이 나오는 레퍼런스들의 활용.,중립
조재현,4.5,"지루할 틈 없고, 뻔할 수 있는것을 절제된 감정으로 표현함.
박소담의 연기와 차량씬은 덤

- CGV 광주 용봉점 / 220115 / With HN",긍정
seong,2.5,"캐릭터 묘사나 고민한 액션 장면의 힘은 분명한데, 그걸 버티지 못한 드라마의 장력.",중립
nono,2,애 우는 장면만 좀 줄였으면 0.5점 더 줬을거다.. 이건 정현준 배우의 문제가 아니라 캐릭터의 문제인듯,부정
HYOMJAA,2,젖살이 덜 빠진 주인공으로 겨우 버틴.,부정
ᴅᴏɪ,2,남자친구가 되고싶으면 아줌마가 아니라 누나라고 불러야지 이놈아,부정
FILMOVIE,1.5,"멀티버스에서도 다송이와 제시카 쌤의 운명은 왜이리 기구한 것인지...
초반부의 카체이싱씬은 역대 한국영화를 통틀어 원탑이라고 할 정도로 잘 뽑았고, 후반부의 액션씬도 나쁘지 않았다. 다만 그게 다인 영화다. 배우의 연기합이나 전개가 다 따로 논다.
주인공인 박소담의 연기톤은 너무 무게감이 없고, 빌런인 송새벽인 연기톤은 거북할 정도로 무게감이 잡혀있다. 전개는 그냥 개판이다.
무엇보다도 웃기라고 넣은 건지 하나도 안 웃긴데 개그요소랍시고 등장인물들이 시도때도 없이 해대는 트림은 역겨웠는데, 옆에 앉은 노년의 부부 관객 둘만 트림 씬마다 웃었다.
특송이 아니라 트림을 제목으로 했어야..
그리고 박소담은 누가봐도 동안인 얼굴이라 아무리 아이라고 한들 처음봤을 때부터 주욱 아줌마라고 하기엔 너무 괴리감이 컸다.",부정
임성재 (HYOJO),3.5,"그녀의 거칠고 화끈한 운전 실력에 반해버렸다.
긴장감 넘치는 음악을 곁들인 카체이싱 액션 영화.",긍정
성재,1,제목이 특송인데 중반부터는 A/S하는 영화로 바뀌다니,부정
Jaemin Bae,2,비록 1월이라 너무 이르긴하지만 특송은 올해의 무근본 영화가 될 훌륭한 자질을 가지고 있다.,부정
jessss,2.5,나만 베이비 드라이버 생각한게 아니었구나..,중립
최지민,4.5,박소담은 정말 멋진 배우다,긍정
김민정,2,"전혀 새로울 게 없다 익숙한 캐릭터, 익숙한 전개 킬링타임용으로 본다면 뭐… 원빈 주연 <아저씨>와 비슷",부정
이종인,1.5,"이름 값 못하는 영화. 오프닝 시퀀스만 보고 나간 사람이 진정한 승자다.

카체이스 장면도 생각보다 별로 없고, 그나마 있는 액션 씬도 너무 뻔하다. 똑같은 레퍼토리의 노잼 개그와 띠용스러운 연기력까지.. 최악이다.

감독님이 트림을 좋아하시나? 주연, 조연 빼놓지 않고 다 트림을 하고 다니네. 기분 나쁘게시리..",부정
이나나,4,액션을 좋아해서 그런지 좋아할 수 밖에 없다!!,긍정
충정지애,2,송새벽의 악역 연기만 기억에 남는다,부정
메이,3,"아저씨가 되고 싶었던 아줌마.

+) 박소담 배우와 카체이싱 덕분에 0.5점 추가",긍정
석재현,2,"'베이비 드라이버'도 감당할 수 없는 '슈돌'.
'특송'처럼 카 액션이 메인인 영화에서 제일 중요한 건 속도감과 경쾌함이다. 그러나 이 매력을 좀처럼 느낄 수 없다. 액셀러레이터를 계속 밟아야 하는데, 과속방지턱이 계속 등장해서 감속운전을 할 수 밖에 없다. 속도가 느려지는 마당에 특송 에이스 장은하(박소담)는 얼떨결에 육아하는 신세에 놓인다. 은하와 서원(정현준)의 관계성을 살리고 싶었던 감독의 욕심이 앞서, '베이비 드라이버'에서 점점 '슈퍼맨이 돌아왔다'로 변질되어 간다. 2천만원 주고 고물차를 구입한 김서원처럼, '특송'이 그 모양이다. 원맨쇼하는 박소담의 역동성이 제대로 느껴지지 않는다면, 그건 연출자의 책임이다.",부정
따따시,2.5,'특송'이 아니라 '콜택시' 아닌가?,중립
🧸💛,3,카체이싱 굿굿,긍정
Aivy,2,"예상외로 액션을 잘 소화했던 박소담은
좋았지만...

아.. 도대체가.. 이 애를 이용하는 소재는 쫌 그만하면 안될까??
아이라 연기도 안되고 몰입도 뚝뚝 떨어지는데..
극 전반에 식상한 소재들 여기저기 넣어다 쓰고..

심지어 드라이빙 연출도 너무 많이 본것들 몇개 가져다 넣어 두고.. 그다지 긴박함도 연출도 못하고..

아니 그리고..
왜 그리도 트름을 해대는거야?? 대체.?",부정
이상용,2.5,"영화 초반 시퀀스와는 달리 한국판 <베이비 드라이버>라기보다는 액션의 농도나 밀도가 확연히 옅은, 성별만 바꾼 <아저씨>에 가깝다. 의외로 조연들의 연기 보는 재미가 쏠쏠한데 특히 송새벽의 연기가 정말 반갑다.",중립
곰곰곰,4.5,일단..이렇게 사이즈 있는 영화에 크레딧 1번으로 나오는 것부터 팬으로서는 가슴이 웅장해짐...첫 단독 주연이라고ㅜㅜ 그리고 영화 끝까지 냉소적인 말투와 표정까지 최고였음 진짜 찍으면서 고생 했을 거 같더라ㅠㅠ,긍정
신종한,3,"베이비드라이버를 연상하게하는 카체이싱,빛바랜 낡고 낡은 이야기의 불협화음.",긍정
diaana,3.5,재밌는데...?!,긍정
명기,2.5,"초반 카체이싱은 진짜 좋았는데..
후반으로 갈수록 이게 뭐지.. ㅋㅋㅋ
박소담 배우 첫 단독주연에 액션인데 잘 소화해냈음
그리고 목소리 넘 스윗❤️
생각보다 잔인하고 과격하다
(2022.01.04 cgv용산아이파크몰 시사회)",중립
함수정,2.5,"영화에서 카체이싱 장면은 진짜 짱이다.
그냥 숨을 죽이면서 좁은 도로를 질주하는 차가 무사하기만을 바랄 뿐.
.
기차앞을 드리프트로 꺾어들어가는 장면에선 그냥 와~~~라는 소리가 나올 수 밖에 없는..
.
부패경찰의 끝판왕을 봤다. 예고편으로 봤을땐 깡패집단인줄 알았는데 경찰조직이었다니...아~~~진짜 현실이 아닌게 얼마나 다행인지..
.
은하가 서원을 그렇게 챙긴 이유가 뭘까? 생각을 해봤는데 일단 서원이 혼자된 이유를 알게 된게 제일 클것 같고..
한편으론 측은지심이 발동을 했을수도 있고..
.
은하에게 드라이버와 열쇠꾸러미는 만능키였는데...
마지막에 보인 열쇠꾸러미를 보니 그제서야 큰 숨을 쉴 수 있었던..
.
그러고보니 영화가 사람을 갖고 노네.ㄷㄷㄷㄷ
.
ㅎㅎㅎㅎ  암튼 영화의 첫 장면에 등장한 사장...차안에서 겁나 웃겼슴..그 표정이 잊혀지지가 않네..ㅋㅋㅋㅋ
.",중립
영화 매니아,1,"ㅋㅋ
줄거리가 완전 트랜스 포터 한국판

초반까지는 좋아지만 후반는 지루",부정
손태하,2.5,"부디 모성에 의지 하지 않는 여성 액션 영화가 나오길.

P.S. 박소담이라 좋았다.",중립
특미구포,2.5,잘 달리는 자동차가 주차는 못한다,중립
pink플로이드,3,"뺑반 박소담이 결국 특송으로...
송새벽 하나 건졌다",긍정
전민욱,2.5,잘 비비긴 했다,중립
유태,3,"누군가의 죽음
그리고 어떻게든 데리고 다니는 아이
그럼에도 제일 반전은
김의성 악의 없는 게 제일 반전",긍정
김태우,2.5,영화에 없는 개연성을 액션으로 채웠다,중립
세렝세렝2,3,"주인공은 괜찮은데 애가 영화 분위기를 망친 것 같다
제목과 다르게 느린 느낌이 나고 시원한 맛이 없다",긍정
7교시,3,이렇게까지 할 일인가 싶다.,긍정
Mr. Simple,3.5,"박소담의 매력은 퀵배송으로 왔는데
이 영화의 매력은 안전배송으로 온다",긍정
이동하,2.5,왜???ㅠ,중립
영화감독 지망생,2,")2022-10-02
드라이브(2011)의 과도한 차용,
개연성의 궤도에서 탈출하다.",부정
WonSoul,2.5,이도저도 아닌 스토리 전개로 소재의 매력을 떨어뜨려 아쉽다.,중립
당몽지,2.5,비슷한 영화는 이전에 너무 많았다.,중립
윤태영,2.5,드라이버에서 액션히어로로 각성하는 영화,중립
강민수,3.5,일자 드라이버 사용설명서 확장판,긍정
Eiff,2,연출 의도는 <베이비 드라이버>였을지 모르지만 이건 그냥 베이비...,부정
-용-,2,숨막히진 않았던 한국의 신선한 카체이싱,부정
성인,3.5,카체이싱만큼은 우리나라에서 최고이지 않을까 싶다.,긍정
텅빈영화관,2,"(3-4)
카체이싱 액션 영화라는 포장지 속에 담겨져있던 건 박소담의 육아 일기.

범죄 액션 오락 영화라 홍보한 것 치고는 카체이싱 액션은 초반부와 중반부에 하나씩 나온 게 끝이며 심지어 이마저도 다른 액션 영화에서 봤던 익숙함이 느껴진다.

그렇다면 액션을 제외한 스토리는 괜찮은가? 박소담이 왜 그렇게까지 아이를 지키려고 하는가부터 설명이 잘 안된시점에서 몰입하기 들었다

그래도 박소담이 캐릭터를 정말 매력적으로 연기했으니 박소담 팬들은 재밌게 볼 수 있는 영화.",부정
李亨燮,2,그냥 베이비 드라이버 보세요.,부정
로터스,4,레옹 짭이면 어때? 남자였으면 식상했겠지. 박소담이라 의미 있다. 아쉬운 것은 염혜란 배우의 활용. 이 캐릭터를 좀 더 잘 활용했다면 더 재밌는 영화가 됐을듯.,긍정
JinHo Ryu,2,아저씨의 아류작 여자 버전,부정
서쪽구름,2.5,소담 누님 본 걸로 만족할 거야!!,중립
movie_kims,2.5,카 체이싱과 OST는 좋은데.... 뭔가 아쉬움이 있다,중립
정종우,2,답답하게 전개해야 겨우겨우 해결되는 한국영화 시나리오,부정
Abagnale,2,어디서 본 것만 같은 설정만 한가득.,부정
정윤혁,3.5,"와우....소담 멋져.. 아역배우도 잘하네
새벽이 악역 괜찮았음.",긍정
신준혁,1.5,배송 오류,부정
스테민,3.5,"기대안하고 봤는데 재밌는데?
자동차 추격씬을 시간모르게 봐서 그런건지 몰라도 오히려 비중이 약한 느낌.
막바지에 이르러 걸크러쉬 박소담 액션연기는 볼만은 했지만 너무 잘 싸워서 비현실적 느낌이들어 이질감이 좀 들었다.
어눌한 말투의 송새벽은 ㅋㅋㅋㅋ 의외로 능청스러운 악역 잘 어울림.
극한직업의 오정세와 또다른 매력의 악역이랄까.",긍정
Hy,3,"220615
박소담 비쥬얼 보는 재미",긍정
좌니주,1.5,"별 한 개는 온전히 박소담 배우의 몫임니다.
빚진 영화가 너무 많아서 파산해버린 영화의 경우...",부정
신선우,2.5,가벼운 마음으로 보는 와중에도 떠오르는 영화만 몇 편인지…,중립
정한진,3,어으... 어색어색,긍정
김도윤 (ddoy00n),2.5,"“박소담에 의한, 박소담을 위한 영화”

박소담이라는 인물의 매력을 극대화한 영화이다. 영화 보는 내내 박소담이라는 배우의 매력에 빠져들게 되며 시원한 액션을 느낄 수 있다.

단, 박소담이라는 인물을 제외하면 그렇게까지 기억에 남는 부분이 존재하지 않는 아쉬움이 존재한다.

관람 포맷 : 일반관 (1회 관람)",중립
아이스민트,2.5,카체이싱에 BGM이 얼마나 중요한지 반대로 실감. '북한' 키워드 하나로 주인공의 액션 능력을 설득시키려는 건 관객 기만이 아닐까?,중립
릴오벨,3,"송새벽 목소리 같은데 아닌가?
맞어 송새벽
와우 악역도 자연스럽네
내용보다는 눈이 즐거웠어요",긍정
미래이야기,3,"박소담 배우 염혜란 배우님 있어서 좋았던
박소담 배우 운전씬 개 멋있음",긍정
위뱅,3,"영화시작하고첫10분은몰입엄청해서봤음.
박소담카체싱은나쁘지않음!!운전잘한드아!!
반도에서좀비피해도망가는차량신보다마이업그레이됨.
근데분명히긴장감과긴박김이느껴져야되는데
후반부로갈수록조금많이떨어짐,,
십여년전에원빈아저씨가새롬이를구하러갔다면
2022년엔박소담아줌마가남자아이를구하는내용?
제시카선생님이다송이를구한가가맞는건가?😬",긍정
최광호,2,초반부터 쓸데없이 부산스럽게 운전하더니 끄트머리에 가서 갑자기 최종병기 그녀가 되어버리네,부정
변석영,2.5,"그냥, 박소담이 좋고, 송새벽 특유의 연기 스타일이 좋았다.",중립
지극히주관적인,2.5,박소담 때문에 그냥 쭉 봤다,중립
lucky,2,"중간 중간 너무 많이 빠진 것 같은 느낌...
아...이래서 특송인가?",부정
김세희,2.5,액션씬 대박,중립
TV보꼬,2.5,스포일러가 포함되어 내용을 생략했습니다.,중립
황대영,3,박소담하고는 어울리지 않지만 킬링타임용,긍정
마리모,3.5,스포일러가 포함되어 내용을 생략했습니다.,긍정
학의나래,2.5,베이비 드라이브를 기대했다면 아저씨를 보게 될 것이다..,중립
소니기,2.5,운전하고 싶어지는 영화,중립
Sanghyun Lim,2,"쫓기는 아이가 차에 타는 순간,
머리 속에서 자동으로 나열되는 일련의 클리셰가 그대로 전시된다.",부정
시현,2.5,정은하씨 남자친구 있어요?,중립
모리,4,스포일러가 포함되어 내용을 생략했습니다.,긍정
마당발,1.5,"어린배우를 데리고
이런 영화를 찍다니...

19금이 아닌 15금ㅎㅎ

폭력이 난무할 세상
얼마남지 않았다~~~",부정
개구리개,2,스포일러가 포함되어 내용을 생략했습니다.,부정
베로니니,0.5,"3개의 영화를 그대로 베끼다.
이상해서 찾아보니 여럿 장면을 베겼다.
레옹, 베이비 드라이버, 드라이브, 트렌스 포터를
교묘히 합친 영화라니.",부정
Teddy T.B,3,"수려한 카체이싱에 좋아하는 배우 박소담, 적재적소의 액션까지 맘편히 암생각 안하구 보는 영화로 베스트!

- 220311 (14), 서울 중구",긍정
LP,2.5,"창의적인 카체이싱, 오작동하는 내비게이션.",중립
Sang-Won Lee,2,P가 만든게 틀림없다. 차 슝슝~ 경찰 삐뽀삐뽀! 쫑 빵빵! 예쁜애 울기!,부정
정명우,2,특송의 뜻을 모르냐,부정
nitead,2.5,"액션씬이랑 카레이싱보자고 스토리는 날려먹었다 아니 애초에 박소담 캐릭터는 스토리에 충실하기 위해 설정맞춰 끼워넣은 느낌이랄까?
그냥 액션씬이랑 카레이싱만 편집해서  넣어도 영화 봤다고 말하기에 충분!!!!!",중립
박용훈,2.5,송새벽의 악역 필모를 써 내려가는 영화.,중립
김석봉,2.5,"클리셰 범벅이다. 하지만 남성들의 전유물이던 클리셰를
여자배우가 했다는것에 충분한 의미가 있는 영화",중립
come3557,2.5,"주인공을 여성으로 바꿔 그나마 새로운 시도처럼 보이려 했지만, 근본적인 이야기의 한계도 있고, 주인공의 감정선도 연기도 따라가지지 않는다.",중립
이지현,2.5,장르파괴괴,중립
bogo,3.5,"속도감 ok 리듬감 ok
아저씨 아니고 '아줌마'
""뭐지 이 10🕊끼는?""
와씨 드라이버 액션

중반은 서사깔기
초반, 후반 볼만함
드라마나 2편으로 세계관 확장해도 재밌을듯",긍정
박정현,3.5,카체이싱에만 충실해도 명작반열에 오를만한 카액션,긍정
knuckle,3,다른 영화가 생각나는 장면 들이 많았다 시간때우기용으로는 나쁘지 않았음,긍정
love n piss,2.5,"이런 카체이싱 장르물에서 클리셰를 없애는거야 불가능한데, 클리셰가 문제라는 사람들은 클리셰 없는 카체이싱 장르물 두어개쯤 먼저 열거할 능력은 되나 스스로 생각해보자. 아니면 클리셰니 뭐니 헛소리 짓거리지 말고, 카체이싱이란 장르물을 안 좋아한다고 말하면 된다.
ㅡ
다른 분위기를 연출하려 노력한 애가 보인다. 홍콩을 떠올리게 하는 장면들이 있었고, 나름 한국식 스타일을 만들어 내려 노력한 것 같은데, 차라리 코믹스러운 부분을 없앴으면 어땠을까 하는 아쉬움.",중립
박규원,5,2022년 최고의 영화...액션 연기 사운드 3합이 지림 남이 운전하는 걸 보는 게 이렇게 재밌을 줄은 몰랐음 장은하 캐릭터가 너무너무 매력적임 영화관에서 보는 걸 강추합니다,긍정
김웅기,2,시작 카체이싱만 좋았다. 아역은 정말 보기힘들었다.,부정
김필종,1,"송새벽의 황정민 흉내내기~
근데 그거 빼곤 볼게 없네~",부정
허준호,3.5,한국영화에서 여배우로서 보기드물게 자연스럽고 깔끔한 액션연기와 카체이싱을 보여준 소담 아줌마(?)에게 박수.,긍정
장현천,2,"""특송""이라는 제목으로 자동차 추격씬이 주를 이룰 것으로 기대했지만, 후반으로 갈수록 자동차보다 사람이 몸으로 때우는 씬이 많은 안타까운 영화",부정
sunny7,3,이 영화에서 송새벽의 악당 연기는 레옹의 악당 연기 만큼 인상적이다,긍정
youngtae,1.5,스토리가 좀 부족하다.,부정
𝐩𝐢𝐜𝐧𝐢𝐜𝐤𝐞𝐫,2,"여성과 아이의 버디 영화를 보고 싶다면
1980, 존 카사베츠 감독의 <글로리아> 추천
액션이나 오락적인 요소는 없지만 케미만 보자면
<미쓰백>이 서사도 캐릭도 연기도 나은 듯

리드미컬한 카 체이싱 액션 영화를 보고 싶다면
2017, 에드가 라이트 감독의 <베이비 드라이버> 추천
한국 영화 중에선 <발신제한>도 괜찮긴 했지만
음악과 카 체이싱이라면 역시 <베이비 드라이버>

볶음밥이든 비빔밥이든 맛은 있어야....
심지어 볶음밥에도 새우볶음밥, 김치볶음밥이 있거늘

장은하 캐릭터 설정 중 ㅌㅂ 생존자인 이유 궁금
국정원 끼워 해결하고 싶어서? 🤦🏻
은하가 운전만 잘 하는 줄 알았더만
맨몸액션, 지략, 총기사용 등 그 능력치가
너무 다양하고 높은 수준임에 갑작스러워서 깜짝 놀람

아역배우의 연기로만 별점 준 영화도 많았는데, 음....

영화 제작하느라 고생했다는 이야기를 듣고싶었다면
너무너무 고생하신 건 인정
고생하셨습니다 🙋🏻
아, 박소담 배우님 건강 하세요 🙋🏻

쓰고보니 길어졌네?
<글로리아>, <레옹>, <아저씨>를 애정하는 1ㅅ으로
아쉬워서 그런가

➕여성 주인공 삼아 자꾸 망작 만들면 안되는데....",부정
김태호,3,조금 아쉽긴 합니다. 그냥 재밌으려다만 느낌.,긍정
윤창식,1.5,박소담의 개인 포트폴리오 딱 거기까지.,부정
교주와신도들,1.5,갈수록 퇴보하는 한국영화의 표본,부정
bvcx,4,마지막 박소담의 액션씬만으로도 가슴이 뚫린다,긍정
성창현,2,애가 나오는 순간 영화는 뻔해진다,부정
강정호,3.5,"레옹과 아저씨의 조합.
게리올드만을 흉내낸 김새벽…
클리쎄 가득한 킬링타임용.",긍정
제레미테시오,3,소담이는 아이랑 케미가 맞지만 제시카 센세이가 더 잘 어울림.,긍정
frida,4,"시원한 카레이싱 굳, 박소담 액션 굳!
(송새벽님은 이런 힘 뺀듯하면서 강렬한 역할 너무 잘 어울리는것같아요.)",긍정
오초라구,3.5,"네이버시리즈온 소장 구매 11900원
꺼억 초반부 몰입도는 좋아서 기대를 했는데
갈수록 개연성도 떨어지고 아쉬운 게 많았음
그러나 도마도 중독",긍정
다크나이트,2,"이야기를 위해 프로인척, 악랄한척, 아이인척,척만하다 끝나버린 인물들. '분노의 질주'와 넷플릭스 액션에 익숙한 이들에게 뒤늦게 오배달 된 특송.",부정
lowfunk,3,너무 기대를 안해서 그런가 생각보단 킬링타임으로 재밌었음. 음악 선곡은 문제가 많네요. 배송물이 좀 어른으로 해서 갔으면 좋았겠는 아쉬움이 있네요.,긍정
Moony,0.5,"역시 이나라의 쓰레기 중 하나. 너무나 많은 장면과 요소를 짜집기해서 만든 영화라 평가를 못하겠다. 안나, 베이비드라이버, 이니셜디, ff 등 짬뽕에 우리나라 갬성 한스푼....",부정
나이스매니아,3.5,"좋은배우들에게 90년대2000년대초
감성을 주는 옛날영화를 갖다붙인 느낌이다.
그냥 아무생각없이 보기엔 좋은영화이다.
최근들어 이런 킬링타임용 영화는 오랜만이다.
주인공만 운전을 매우잘함 ..
나머지들은 초보운전 살짝지난운전실력.
아쉽다 박소담 송새벽 아까운 배우들인데...",긍정
Youngwoo Kim,2,"일단 감독은 ‘베이비드라이버’를 재밌게 봤나부다.

레옹의 게리 올드만 배우에게도 영감을 받았고 말이지.

그리고 원빈과 김새론 씨에게 감사해야할 각본

카체이싱 씬들을 낮장면이 들어갔으면 더 나을 뻔 했고,

연출과 연기는 문제가 없다. 이야기가 문제다.

그리고 이건 속편이 안 나올 것이다.",부정
조땡,0.5,징징대는거 짜증나네,부정
홍사장,2.5,매년 쏟아져 나오는 별 다를 거 없는 기성품처럼,중립
GREGORY,3.5,스토리는 상투적이나 소담과 새벽의 연기가 열일했다.,긍정
말이안통하네뜨,3,카 체이싱도 음악 선곡도 꽤 괜찮았음.,긍정
SJ,4,스포일러가 포함되어 내용을 생략했습니다.,긍정
No Mad,2,"왜 이렇게 맥락도 없이
소모적이고 상투적인 영화들이
끊임없이 만들어지는 걸까?

2022.02.04.030",부정
애고래,0.5,"""아줌마, 사는 건 원래 이렇게 힘들어요?""에서 더 이상 봐 줄 수 없다.

트랜스포터와 베이비 드라이브를 보고 드라마 모범택시에서 연습한 후 만든 배달의 민족표 망작.

박소담은 기생충의 미술선생 발성과 말투를 이제 그만 해야 할 때다.

수지킴 사건의 국정원이 빨갱이가 아닌 형사가 살인범인 것을 뒤에 알고 분노하면서 잡으러 간다고?",부정
#RE2PECT,3,킬링타임이라는 목표에 충실한 영화,긍정
Jeemin Shin,3,개연성은 떨어지지만 카액션이나 비주얼적으로 볼 거리 많아 볼만했음,긍정
효영,3.5,"자동차를 이용한 액션과 박소담의 연기 그리고 역할에 맞는 좋은 캐스팅이 돋보이는 영화.
이렇게 평이 낮을 영화는 아닌거같은데 홍보가 안된것 같아 아쉽다….",긍정
🔔🔔,3,"진짜 기대 안하고 갔는데 그거보단 훨씬 나았음. 범죄 추격 액션 장르물 클리셰 범벅이지만 포스터 보고 간 사람 중에 뭔가 새로운 걸 기대한 사람이 얼마나 있을까 싶기도 함. 오히려 기대하던 장르물을 만듦새 나쁘지 않게 대접해준 느낌이 들 것 같고. 기존 비슷한 영화들 젠더 스와프가 나쁘지 않게 이루어진 정도라고 생각이 됨.

한국 상업영화의 전형 중에는 꽤 괜찮게 뽑힌 것 같다만 평이 예상보다 훨 안 좋은 거 보고 또 놀람. <아저씨>는 평점이 거의 4점에 달하는데 데채웨.? 글고 베이비 드라이버가 왜 표준이 된 것처럼 운전만 하면 비교하면서 얘기하는지 모르겠음. 가물가물하지만 난 베이비 드라이버보다 나은 것 같은데.",긍정
최담,3,아저씨 말고 아가씨,긍정
Euno,2,목적에 충실한 오락영화. 근데 애는 좀 빼자..,부정
명준,2.5,"타켓 설정이 모호했던..
.
볼만은 하지만 가족영화는 확실히 아니고 오락영화라기엔 발목잡는 진부한 스토리라인",중립
정성훈,3,스포일러가 포함되어 내용을 생략했습니다.,긍정
조이은아,3.5,지루할 틈 없는 찐 범죄오락액션! 지금같은 극장상황이 아니었다면 충분히 500만은 넘겼을 듯,긍정
한서준,3,분노의질주 안봤다면 차액션 만족 가능;,긍정
ohddol,2.5,스포일러가 포함되어 내용을 생략했습니다.,중립
짐니,2.5,보면서 베이비 드라이버를 떠올렸으나 스토리의 진부함은 어쩔수 없나보다,중립
소이,2.5,체급차이를 상쇄시키기 위해 기지를 발휘한 액션들이 좋았다,중립
우왕,3,스토리는 나의절친악당들 급이고 레이싱씬은 그나마 볼만해서 3점줍니다..,긍정
Nature,2.5,이 영화의 최대 장점은 별일 아니라는 듯한 박소담의 뚱한 표정과 그렇지 못한 카체이싱 장면이 이루는 묘한 조화다. 단점은 그 장면이 전부다. 참고로 그 장면은 예고편으로도 대강 볼 수 있다.,중립
자유로운소년,3,"박소담 혼자 원맨쇼 하면서 하드캐리(?)한 영화라고 생각이 드네요...
그리고 진짜 영화보면서 이영화 저영화 다 생각나고 짬뽕해놓은 듯한 느낌이 든다는 것...
말 그대로 신선함이 떨어지는건 아쉽다고 생각이 들었습니다...
그래도 킬링타임용으로 보기엔 어울린다고 생각하기에 아무 생각없이 보실 분들에겐 추천하는 영화입니다.",긍정
나은,2,"박소담 때문에 일단 보긴 했는데...
운전은 그렇다 쳐도 액션은 어떻게 된 거며 사투리는 쉽게 고칠 수 있는 것인가?
어설퍼",부정
신현주,3,"박소담의 액션은 뭔가 다르다...
ost좋고 결말이상하지만 좋았다.",긍정
참치네🐳,3.5,"3점+박소담 배우를 좋아하는 마음에 0.5를 더했습니다.

카체이싱에서 오는 극한의 카타르시스를 느끼고 싶어서 이 영화를 보시는 분이 많을 것 이라고 생각합니다. 초반에는 정말 제대로 보여줍니다. 여러 이벤트가 조금 더 녹아있었으면 어떨까 싶었구요. 남자아이라기 보단 발암+어른아이 같은 느낌이라 스토리를 끌어가는 부분에 있어서 안타까웠습니다. 조금 더 뒤끝있게 카체이싱으로 밀어부쳤으면 하는 바램이 있었습니다. 나중에는 습사 느와르 처럼 전개되는 부분은 영화의 초반에 경쾌했던 리듬을 많이 흐려버리게 되는 것 처럼 보였습니다. 한국형 베이비 드라이버를 바랬었습니다만 조금 많이 아쉬운 부분이 있었습니다!",긍정
텔레파시,3,"1.박소담이 해내는구나
2.신파만 좀 덜어내도...
3.OST가 괜찮았던 영화",긍정
nayoungseon,2.5,스포일러가 포함되어 내용을 생략했습니다.,중립
치즈에,1.5,"재밋게봄ㅋㅋㅋ 송새벽 새로운 악역이어서 마음에 들었음. 다송이 나중에 잘 자라면 자료화면으로 쓰일 것 같다 ㅋㅋㅋㅋㅋㅋ
패턴이 읽히기는 했지맠 이야기 짜임새잇게 잘 만들엇다고 생각함 ㅋㅋㅋㅋㅋㅋ평보니 ㅋㅋㅌ역시 고고한씨네필들은 난척하며 까고 잇을 줄 알앗지 ㅋㅋㅋㅋ",부정
라니,4,기대 1도 안했는데 전개 액션 연기 다 시원해서 놀랐던 영화. 킬링타임용으로 제격,긍정
맨정신,3,드라이빙 액션 비중이 적어서 조금 아쉬웠음,긍정
준아,4,"영화 '아저씨'의 아줌마 버전 담백한 액션
어드벤처 게임 하듯 불리한 유저들의 반격",긍정
권미정,2,유종의미가 얼마나 중요한데 이걸 다 말아먹네,부정
ㅂ📽️,3,"K-액션의 흔하고 뻔한 요소들의 잔치.
다행스럽게도 깔끔함과 스릴은 유지.",긍정
램램,3,"아주 전형적이고 안전한 장르영화. 아마도 박소담의 <아저씨> 랄까
성별을 바꾸면 다 여성서사라고 믿는건 너무 안일하지 않을까? 어차피 폭력과 약자에 대한 혐오를 기반으로 서사를 쌓아올리는건 그대로 잖아.",긍정
김성호,3.5,"베이비드라이버까지를 기대한건 무리.
그래도 이야기들이 지저분하지않아서 볼만한",긍정
양지선,4,배송오류,긍정
상미,3.5,"여자판 아저씨 ‘아줌마’
가장 기억에 남는건 ‘꺼억’
트름을 왜하는지..",긍정
서연,3,한현민 아까움. 엔딩씬 이상함ㅋㅋ,긍정
Jae Hyoung Park,3,액션이 좋았다,긍정
손별이,2,"개연성은 어디로…
굳이 왜 넣었을까 싶은 장면들…
박소담으로 이게 최선이었을까…",부정
이상현,2.5,송새벽이 레옹을 인상깊게 봤나보다,중립
서유진,2,스포일러가 포함되어 내용을 생략했습니다.,부정
장대한,3.5,어정쩡한 부분은 있지만 엔진소리에 내가 다 설레네 분노의 질주나 한번 더 봐야지,긍정
비니무비,3.5,이정도면 충분히 즐길만한 용두사미,긍정
Jenny P,3,남자친구가 재밌게 봐서 0.5점 더 줌 ㅎ 원 제목은 아줌마 아닐까? 카 액션씬은 정말 멋있었다. 영화 보고 집 가는길에 자동차가 너무 느리게 가더라는…,긍정
Sherlock_Hong,1.5,남는 건 박소담 밖에 없는 영화.,부정
Tezin,2.5,영화 편식하는 습관 고치려고 봤는데 불량식품까지 먹을 필욘 없었다. 애가 귀엽게라도 나오면 이입이 될텐데 진짜 잼민이... 안 봐도 될 이유는 많지만 굳이 다 쓸 정도로 빡치진 않았다. 왜냐면 박소담이 곧 재미니까.,중립
Sanson Kim,3,"박소담, 초반 10분 카체이싱, 고양이

+ 송새벽",긍정
이나나,3.5,후시녹음이 좀 티났는데 그래도 이런장르 너무 내스탈,긍정
오세동,2,"빠르면 이번 추석때 무료 영화로 나올수도 있겠다.
그냥 딱 설거지하면서 힐끔힐끔 보면 될만한 영화.
.
주인공의 깊은 배경을 설명해주지 않아서 감정이입이 덜한다.
개연성에 의문이 생긴다.
자동차 액션이라는 포장지를 벗기면 그저 진부한 느와르일 뿐.
.
배우들의 연기력 하나는 빛난다. 보석이 반짝거린다.
.
ㅡ스포있음ㅡ
.
성공률 100%의 특송기사.
어느날 아이를 맡게되는데
갑자기 그 아이가 도덕성의 트리거가 되어서는
주인공이 그간 나쁜짓을 했다는건 망각한 채로 천사가 되어서는 아이를 보호한다.
범죄조직의 수장이라 생각했던 이는 사실 경찰이었다는 놀라운 반전과 함께
암호코드를 둘러싼 숨막히는 자동차 추격전...은 없고 그냥 액션물.
끝에 주인공은 메인빌런과 함께 수갑에 묶인채로 항구에 수장되는데,
어째서인지 마지막 장면에서 부활하며 영화는
끝.
ㅡㅡㅡㅡㅡㅡㅡㅡㅡㅡㅡㅡㅡㅡㅡㅡㅡㅡㅡㅡ
엔딩은 뭐였을까?
귀신을 보는건가?
알쏭달쏭하다.
.
2022.01.19
.",부정
김광현,2.5,스포일러가 포함되어 내용을 생략했습니다.,중립
별비,2.5,오프닝 카체이싱 씬까지만 보여준 후 바로 엔딩크레딧을 올리며 퇴장안내를 했으면 호평할 의향이 매우 있습니다.,중립
박지수,3,뭔가 시리즈물 같다,긍정
영화라는 종합예술,2.5,박소담은 빛난다. 클리셰가 많지만 오락영화로 즐기기에는 무난하다.,중립
김대훈,2,킬링타임용으로는 꿀잼!!!,부정
한샘,3.5,"재밌는데 ?!
박소담 연기 액션 깔끔하고
암전 싸움씬 좋고
다송이 연기 왤케잘해
송새벽 아우~~잘해~~
개연성은 조금 떨어질지언정 목표가 확실해서 보는 재미가 쏠쏠",긍정
까까,3.5,베이비 드라이버와 아저씨를 공존하는 진부함이지만 여성이 주인공이라는 사실만은 만족스럽다.,긍정
Chang,3,"등장하는 모든 설정에 진심이지 못하니, 말하고자 하는 바가 모호하게 들린다.
(드라이버 주연 치고 차량 액션이 부족하고, 외국인 조연은 불법의 테두리에 머무르며, 아역은 최소한의 연민만 불러일으킬 뿐이다)",긍정
김경범,2.5,잠시.. 소란이…. 있었어요..,중립
민현기,3,"우리를 위해 타인의 차를 아무렇지도 않게 절도하는건 정의가 아니지.
수십년 아껴준 아빠보다 며칠 전 만난 누나를 더 그리워 하는건 예의가 아니지",긍정
@dahgom_e,2.5,"액션 스릴: 4 ( 마치 내가 맞는줄 알고 넘 아팠다)
스토리 : 3
OST: 3.5
연출:  3
악역 연기력: 4
아역 연기력:  2 (동백꽃 철구 였어야 함)
결말 연출:  1  (읭 스러움)

특히 결말 남자친구 드립..  중반까진 그래 꼬마가 물어볼 수도  있지 싶었는데 그 막중한 순간에 남친 운운이라니ㅜㅜ띠용스러움.  영화 펭귄 하이웨이 남주 여주인줄",중립
영화좋아하는데귀찮음,3,오락 영화로서는 적당히 괜찮은데 새롭진 않고 이미 나온 헐리웃 영화의 복습같았다. 한국에서 결과물이 무난히 나왔다는 것에 후한 점수를 주고싶으면서도 베껴놓고서 고작 무난한 정도밖에 안된 것에 점수를 깎아버리고 싶기도 하다. 도약이 전혀 없다. 쉬운 폭력이 아니라 다른 방식의 반전 연출이 필요했다.,긍정
쫑쫑,2.5,긴장감이 있는데 긴장감이 없다,중립
선지형,3.5,박소담+송새벽-베이비드라이버-모범택시,긍정
Zzw,3.5,감성팔이 없고 본질에 충실한 액션영화..개연성이 부족하긴 하지만 오히려 그런 공백이 어울린다. 박소담 배우의 연기가 아주아주인상적이었다,긍정
카프리썬,3,그냥 전형적인 한국영화같음,긍정
그왓챠,2.5,"어디서 다 본 장면들이지만, 독창적인 걸 바랬다고 하면 거짓말이구...
요즘 영상 심의 위원회가 일 안하는지 예상치 못하게 쟈닌한 마지막 액션씬 나름 재밌게 봤다.
.
아 근데 트림으로 웃겨보려 하는거,,, 뒤진다 진짜. 심지어 믹싱 개같이 해서 비디제시스적 사운드처럼 들림 ㅋㅋㅋㅋㅋㅋㅋㅋㅋㅋ",중립
조성윤,0.5,특송이고 뭐고간에 반품해주세요,부정
손창민,2,자동차을 취미로 삼고있는 사람으로써 고증을 너무 못살렸네요...,부정
JangJunyoung,3,"기억에 남는거라곤
송새벽의 게리올드만 재해석 정도
저 아저씨도 저런톤이 가능하구나..배우는배우다",긍정
정우진,2,"인물들의 행동에 개연성이 없다.
무엇보다도 잼민이 진짜 암걸려 미치겠음.",부정
김재현,2,"그저 그런 상업영화라고 예상했고, 딱 그 정도였음.
영화자체에 큰 기대를 안했는데도 아쉬움은 컸음.
초반부 카체이싱 부분은 그럭저럭 볼만함.

명절이나 주말에 할거없을 때
TV 채널 돌리다가 영화채널에서 우연히 나왔을 때보면 볼만한 영화.",부정
chamjin260,3,"박소담 주연의 깔끔한 카 액션 영화. 불필요한 것들을 전부 덜어내고 필요한 것만 실속 있게 구성했다. 스토리는 뻔하지만 박소담이라는 새로움이 부족함을 채운다. 타임킬링용 영화라기엔 정성이 돋보인다.

성의 있는 카체이싱과 고양이.",긍정
SideWing13,2,낡고 억지스러운 이야기와 캐릭터쇼.,부정
re:view,3,"카레이싱 장면과 액션씬, 박소담의 매력으로 이루어지는 영화. 시원한 카레이싱 장면이 초반부부터 흥미를 이끌었고, 익숙한 듯한 스토리는 배우의 연기와 매력으로 커버된다. 악역으로 나오는 송새벽의 연기도 좋았다. 생각보다 잔인하지만 후반부 액션씬이 주연과 잘 어울려서 재밌게 볼 수 있었다.",긍정
peanutjhy,3,"다송아 못 알아봤다
그만 울어줘

아부왕 이후 보는 송새벽씨 연기 👍

15세 관람가가 무색할 정도로 조금 잔인했다.
고통이 상상이 간다..  어우 😬",긍정
😎😎😎,3,소담이.. 소담이 네가 다했다...!,긍정
Lotty Kim,1.5,"어디서 많이봤다 했더니 베이비드라이버였네
자동차 액션은 반만 들어간 베이비드라이버",부정
평범한리뷰어,3,"클럽에 온듯한 BGM과 깔끔한 카액션!!
영화관에서 보기를 추천하는 영화
이렇게 두근댔던건 오랜만이다. 이런 영화 특성상 매우 뻔한 스토리지만 킬링 타임용으로 보기엔 나쁘지 않다.
박소담의 걸크러쉬 연기는 일품이다.",긍정
심슨,3.5,카체이싱을 메인으로 하는 작품이지만 악역과 주인공 간의 카체이싱 시퀀스는 빠져있고 주인공의 갑작스러운 태도 변화에 대한 설명도 빠져있는 점은 악역과 주인공을 맡은 배우들의 하드캐리가 내뿜는 빛을 다소 가린다.,긍정
치국평천하,1.5,"빨리도 온다, 우리 특송 맞냐 ?",부정
413,3.5,재미!,긍정
뮤이,3,생각보다는 잔인한데 내용은 솔직히 박소담이 저렇게 까지 하는 이유가 이해안감.,긍정
빵쟁이,4,"끝에 서원이 다 커서 ""남자친구있어요?"" 결말로 나올줄",긍정
김성혁,2,특별하지도 평범하지도 못한...,부정
최원석,2.5,카체이싱 하나는 인정!,중립
오태양,2,여성 원톱 액션에 기어를 넣었지만 나머진 복사 붙여넣기,부정
윤지하,3.5,차가 더 많이 나왔으면 좋았을탠데..ㅋㅋ,긍정
지누씨네,3,다 아는 패스트푸드에 의외의 향신료,긍정
그로밋,2.5,박소담 나오고 클리셰 벗어난 남녀 바뀐 아저씨도 좋았는데 연출이 촌스러웠음 배우가 박소담인데도 영화 분위기가 너무 가벼워,중립
페리,4,멋있다 너무 감정적이지도 않으면서 적당한,긍정
코모레비,3,코너링은 훌륭하십니다,긍정
김휘래,3,"#. 전형적인 양산형 스토리이지만 볼거리가 괜찮다.

오락영화,액션영화는 타장르보다 스토리의 중요도가 낮고 볼거리의 중요도가 높다고 생각하기때문에 만족스러웠다.

한국의 흔한 오락영화의 전개를 한치도 벗어나지 않긴 하다만 적절한 농도와 적절한 빈도의 액션이 적절한 시점에 터져주기때문에 오락영화로서의 본분을 성공적으로 수행했다고 느껴진다.

#. 그리고 박소담배우와 송새벽배우의 연기를 언급안할수가없다.

송새벽배우는 그전엔 주로 독특한 목소리로 감초역할을 많이 했었는데 엄청난 연기변신으로 악랄함이 폭발하는 악역의 모습을 정말 너무 잘보여줘서 감동적이었다.

그리고 박소담배우는 언제나 믿고보는배우같다 언제 어디에 갖다놔도 항상 기대를 충족시켜주는 연기를 보여주는데다 이번에 액션도 시원시원하게 잘 소화한것같다.

여담으로 박소담배우의 쾌차를 진심으로 기원한다.",긍정
한씨,3,치고 빠지기를 할 줄 아는 완급 조절이 탁월한 카체이싱 액션이 인상 깊은 범죄 오락 액션,긍정
무비라이더,2,21세기에 엄마 찾아 삼만리 같은 영화를 보게 될 줄은...,부정
레논쿠키,2.5,"온몸을 부딛쳐 모든 걸 부숴버리는 박소담을 얻고
아이를 보호하려는 의지가 조금이라도 없는 방법론에 분노를 더블로 얹다.",중립
강유현,2.5,"- 날 것의 폭력이라는 최종장까지 익숙한 길들을 우직하게 달린다.

22.01.15 상봉CGV",중립
심야할인,2.5,낯익은 소재보다는 뻔한 전개가 문제.,중립
Recloser,3,"여성판 <드라이브>에 <베이비 드라이버> 대강 섞어버리고 거기에 아이로 신파 추가요~ 그런데 의외로 나쁘진않음

2022-01-15 / cgv대구스타디움",긍정
지구,0.5,한현민은 빼자,부정
최대한,3.5,뭐지 저 예상평점,긍정
댱오니,3,"클리셰와 신파 범벅으로 한계가 명확했지만, 전반적인 승차감은 괜찮네",긍정
신민,2,"극중 배짱있게 행동하라는 대사가 나오는데, 정작 영화가 배짱있게 행동하지 못한거 같다. 흥행 안전장치가 그리 필요했나?

타율 낮은 개그, 흥을 깨는 슬로모션, 관객이 쉽게 감동 받을거라 생각하는 안일함까지 갖췄다.

덧,
송새벽의 연기는 만족스러웠다.",부정
제로콜라,3.5,"내용자체는 흔하디 흔한 범죄물이지만,
이런 영화가 나쁘지 않다.
모든 배우들의 연기가 좋았다.
특히, 주인공 박소담 배우의 액션이 잘 어울렸고,
송새벽 배우의 악역이 너무 잘 어울렸다.",긍정
김민욱,2,"진짜 미안한데, 애가 뭔가를 할 때마다 안쓰럽거나 슬픈게 아니라 좀 짜증부터 난다... 내가 이상한건가",부정
다비,3,"이 영화 최대 빌런: 시종일관 아줌마 거리면서 쳐울고 다방면으로 사고치고 다니면서 주인공 위험에 몰아 넣는 애새끼. 어른들 영화에 애를 넣을 거면 캐릭터 잘 좀 잡아주길

+ 장은하의 서사가 허술한 점이 아쉬웠음",긍정
MAN OF STEEL,2,서원이와 가까워지는 에피소드가 좀 더 있음 괜찮을 듯,부정
강기철,2,"흐름에 따라 차가 다운그레이드된다 영화 흐름도 함께…
그냥 개인적으로 영화 끝까지 무리해서라도 m3를 끌고 다녔으면 더 좋았을까 싶은데
초반은 식상해도 너무 좋았는데 아아 마시면서 운전하는 박소담의 케릭터는 붕괴되면서 혼란이 느껴졌고 송새벽의 특이한 리듬의 연기는 돋보였다",부정
Gun-Woo Lee,3,"차량씬 좋았는데 너무 적어서 아쉽
차 바뀔때마다 어떻게 질주하나 궁금했는데.. ㅠㅠㅠ
뒤로 갈수록 액션영화로 둔갑한것도 아쉽
하지만 송새벽님의 악역 너무 좋았음~",긍정
Duly,3,"박소담은 매력적
송새벽도 대단한 배우
나는 내가 애들을 좋아하는지 알고 있었지 뭐야 이영화 아니었으면 계속 그렇게 생각할 뻔 ㅎㅎ
박소담 때문에 본 건데 그 목적 하나면 성공적
영화를 보러 온 거면 실패",긍정
수영,2,"박소담
미쳤나?
자기야",부정
호두,0.5,엄마가 좋았으면 그걸로 됐다,부정
이우진,1,유튜버 거의없다님이 리뷰하실거를 생각하니 정말 재미있겠네요,부정
Highyell,3,면허 딴지 한달되서 이 영화를 봤으니 얼마나 재밌게요,긍정
Seung Cheol Lee,2,"특송이라고 쓰고 아줌마라 읽는다
아저씨가 생각나는 영화",부정
신정민,2.5,뻔한 한국 범죄 오락 영화의 스토리를 박소담의 매력으로 커버했다. 108분짜리 박소담 화보집,중립
줄납자루,1.5,"무서워

의미없이 잔인하다",부정
해석왕 고태일,2.5,트랜스포터를 한국에 배송,중립
소금,1.5,"솔직히 엄청 잘난 영화는 아닌데..
박소담 송새벽이 멱살잡고 가주고
애기랑 여자가 메인인데 모녀도 남매도 아니고 친구인거
생각보다 괜찮구만
안 봐놓고 역하다느니 베이비드라이버 케이패치 표절이라느니.... 중국 영화와 다를 바가 없다느니...
ㅋㅋ ㅋ ㅋㅋ ㅋㅋㅋ 아 웃겨
아는 레이싱 영화 베이비 드라이버밖에 없는 찐따들 같당...",부정
YCLeo,1,"별 기대 안 했는데, 그 이하였다.",부정
사춘기,2.5,"그럴싸하지만 결국은 죄다 이미 봤던 것들을 넘어서질 못한다. 카체이싱의 쾌감은 괜찮지만 너무 짧고 적다.
.
박소담때문에 봤지만 아무리 봐도 박소담은 미스캐스팅. 발성자체가 캐릭터와 너무 어울리지 못한다.",중립
정종혁,2.5,힙한 차량 액션과 매끄럽게 연결되지 못한 채 분절된 하드보일드. 심지어 각각의 장점을 희석시키며 끼워 넣은 통속적 휴머니즘이 호흡을 망친다. 박소담과 송새벽의 기량은 최대치.,중립
규민,3,"말 줄이고 어서 shut up and drive  ~~~
드라이버 액션 좋았다, 티탄 리메이크하면 박소담이 해도 될 듯.",긍정
리버,2.5,박소담 배우 원탑이라고 좋아했지.. 근데 조폭에 빨갱이 소리하는걸 2022년에 볼줄은 몰랐지..,중립
최영생,2.5,"특송까진 아니고 좀 거친 일반 배송?

거기서 왜 그런 음악을...",중립
MovieStroy02,3,"운전하고 싶어지게 만드는 영화
카체이싱 액션 부분도 마음에 들었고
박소담 배우님만 눈에 들어오네요 ㅋㅋ
킬링타임용으로 최고였습니다.",긍정
지은이,1.5,#220112 #LLJ #5,부정
선숙,2.5,카체이싱은 재밌었는데... 결말 별로고.. 내용도 뻔한 내용이고...,중립
신준호,1,"하하하!
어때? 시원하지? 통쾌하지? 스릴있지? 재밌지? 박소담 개쩔지?

마지막것만 동의
혹시 박소담배우가 당근을 흔드는 장면이 있었나요?",부정
Sansiro,2,"카체이싱도 송새벽씨 악역도 초반까진 좋았다…
그리고 남한에 와서 범죄자가 되는 새터민 설정은 대체 언제까지 봐야되는건데?",부정
김승혁,2,"애가 울면서 징징대는 거 보고 머리가 띵하고
결말보고 머리에 물음표만 가득 담겼다.
결국 카체이싱하는 박소담과 송새벽의
악당 연기만 남게 됐다.",부정
카리소케,2.5,배달사고 스케일이 좀 작다.,중립
YongJo,3,"끝내주는 오프닝, 환상적인 BGM, 준수했던 자동차액션.
한국형 양산영화의 뻔한 전개에다가 형편없고 매력없는 빌런들까지 너무 많이 나와 피로감이 쌓이는 것은 단점.",긍정
marou,2,"초반은 경쾌, 결국엔 맨온파이어+레옹+아저씨+베이비드라이버, 제2의 아저씨는 제발 이제 그만.
+
조명이 특급",부정
마틴,2,설렁설렁 불량 배송 속 살아남은 캐릭터의 맛...,부정
윤노,1,"한국영화의 단점들을 긁어모아 뭉친 설 특집 팝콘무비

- 초반 카체이싱 장면에 이 영화의 모든 장점과 단점이 집약되어있다. 관객들의 눈을 사로 잡는 액션을 보여주려다가.. 슬로우모션.. 배우들의 얼굴 클로즈업.. 그러다가 풀샷... 아니 뭐에 집중하라고. 중구난방한 화면땜에 그 어디에도 집중 할 수 없음.

- 스토리 역시 중구난방. 할 말이 굉장히 많지만.. 나중에 따로 써야지.

- 카체이싱 액션 별로, 각본 별로, 연출 별로, 캐릭터 매력의 부재로 배우들의 연기 역시 붕 뜸, 가장 최악은 대사가 맛이 없음.",부정
콩자,2.5,특별한 배송이 아닌 특별해지고싶었던 배송인가?,중립
남국현,1,부서진 차 값이 더 아깝다.,부정
유철,2,다송이가 끝말잇기 타령을 하는 이유는 영화를 끝말잇기 마냥 여기저기 이어 붙여서 만들었다는 의미가 아닐까? 그래도 문장 째 갖다 쓰진 말았어야지,부정
모아이,1,공장에서 찍어내듯 만든 영화 감독이 문제다. 새롭지도 않고 여기저기 붙여다가 만든 영화.,부정
liilliil,3.5,킬링타임용 영화로써 평타는 친다,긍정
김영롱,2,"RPG, 리듬 파워 집중력!.... 이 필요하다...
.
장르 도전은 이해하는데, 원래 잘 해야되는 부분은 잘 해야지... 이래서야 도전이 핑계밖에 더되나
.
올해 첫 영화",부정
임현빈,2.5,"이거  저거 섞다가, 이도 저도 아니게 된 전형적인 사례",중립
Jihak Moon,2.5,"박소담,송새벽
차량액션빼면 나머진 …",중립
로재,1.5,"베이비드라이버 + 레옹/아저씨 심지어 노래는 X-men 아포칼립스 sweet dreams 짝퉁인가..?

송새벽 배우의 재발견이 즐거우면서도 왜 자꾸 레옹의 게리 올더만이 연상되는건 왤까",부정
ㄱㅜㅣ,,뤽 베송의 퀵 배송,알 수 없음
ADEN,2,"카체이싱이라도 괜찮아서 다행이다
라고 말해줘야 할까?",부정
송씨네,3.5,"여성과 레이싱. 위험한 배송작전에 휘말린 여성과 한순간 특송 대상이 된 아이와의 모험이 그려진 작품입니다. 여성 드라이버 은하는 한 폐차 관련 업체에서 일하고 있습니다. 하지만 이 곳의 진짜 비밀은 사람이나 물건을 정해진 장소로 배송하는 곳이죠. 묘하게도 밀항 예정자들이 주 고객이죠. 새로운 고객은 야구 승부 조작으로 거액의 돈을 챙기고 도주하는 브로커 두식과 그의 아들 서원. 거액의 돈이 숨겨져 있는 OTP USB를 훔치게 되고 두식과 한패였던 비리 형사 경필은 이 돈을 가로채기로 합니다. 아들 서원만 은하의 차에 탑승한 상황에서 경필 뿐 아니라 국정원 요원 미영도 이들을 쫓고 있습니다. 신선해보이는 조합인 것 같지만 큰 착각이 아닐까 생각됩니다. 캐릭터가 입체적이지 못하니 당연 시나리오도 부실하게 느껴지죠. ‘기생충’ 이후 다시만난 박소담 씨와 정현준 군의 캐미는 여전하고요. 송새벽 씨의 연기 톤이 살짝 달라진 점도 인상적입니다만 탈북자 출신의 은하, 외국인 아시프 등의 캐릭터를 그냥 캐릭터로만 만들고 활용을 못합니다. 더구나 아시프 역의 한현민 씨는 엄연히 한국인인데 외모로 이런 역할을 주었다는게 문제가 아닐까 싶고요. 김의성 씨가 맡은 백사장은 드라마 ‘모범택시’와 비슷한 캐릭터를 연이어 맡아 차별화가 없었고요.  물론 카 체이싱은 공들인 흔적이 보입니다. 아슬아슬하게 열차를 피해 넘어가는 자동차나 스프링클러를 이용한 액션도 좋았습니다. 그 뿐입니다. 한국판 여성버전의 ‘베이비 드라이버’를 만들고 싶어했던 것 같은데 욕심이 많았던 것 같습니다. 미안한데 이 영화가 왜 로테르담 영화제에 초청되었는지 의문이군요.",긍정
Empty land,2.5,스포일러가 포함되어 내용을 생략했습니다.,중립
혜니,3,이런들 저런들 박소담 최고,긍정
mr.park,2,스포일러가 포함되어 내용을 생략했습니다.,부정
창개구리,2.5,훌륭한 카체이싱에 비해 부실했던 주변 설정들,중립
하면된다,2,비슷한거,부정
김레이,2.5,박소담 배우가 다 했음,중립
코난,1,"2022.01.04
한국 영화 특유의 레파토리 짬뽕
아무리 그래도 수중씬은 선을 씨게 넘네",부정
밖에비온다,3,"제시카 선생님과 다송이의 우당탕탕 특송 대 작전

괜찮다고 생각되는 장면은 뭔가 애매해서 아쉬웠고
유치한 대사와 인물들, 스토리가 참 아쉽지만

현준이가 너무 이쁘다 ,, 진짜 이쁘다 ,, 사랑해 현준아",긍정
정본,,박소담 배우가 필모를 관리했으면 하는 바람,알 수 없음
YNWA,,[관람전] 야~~우리도 베이비 드라이버 같은 영화 만들어보자~~ 음악은 잘 모르니까 OST는 빼자~~,알 수 없음
전 형,3,애기를 빼고 확실하게 청불로 가는게 어땠을까,긍정
HISUTORY,2,담슝슝~ 🚙,부정
전정혜,3,"박지현, 박규영이 아줌마였음 별 4개 줬다.",긍정
박스오피스 셔틀,1.5,"관객 수 :  444,438명

제작비 정보 없음(50억 추정), 손익분기점 160만 명.

코로나 이후 어려움을 겪는 중급 규모 한국 상업 영화들.",부정
아무것도하기싫어요,4,왜? 재밌던데,긍정
1i4UT4lc,2.5,내가 만든 영화같다. 왜냐면 내가 좋아하는 배우들이랑 요소를 다 갖다썼는데 스토리랑 감정선이 너무 구리고 레퍼런스가 다 티나는데 멋이 하나도 없기 때문이다. 나는 영화감독이 아니기 때문에 만약에 내가 영화를 만든다면 이런게 나올게 분명하다. 이 영화가 참고서로 삼은 작품들이랑 별개로 차라리 <다만악>처럼 가거나 아니면 류승완 필모 같은 맛이 났으면 어땠을까 생각해본다. 그리고 트림이 너무 많이 나온다. 웃기려고 넣었겠지? 근데 안 웃기다.,중립
연희,2,<레옹>이 <아저씨>가 돼서 <베이비 드라이버>를 찍으면,부정
자세히,2,2024.05.에어프레미아에서 봄,부정
이드,1.5,자동차 운전은 나름 좋았는데 결말이 참... 뭘 본거지,부정
쿠쿠루삥뽕,2,운전실력 대단하시네요!,부정
땅콩,2.5,소담 연기볼려고 끝까지 봤다. 딱 거기까지.,중립
이화,4,시원한 드라이브액션,긍정
산곡동몽키스패너,1,스포일러가 포함되어 내용을 생략했습니다.,부정
UM,1.5,초반부 카체이싱 액션 시퀀스까지만 봐도 될 것 같다.,부정
borntoloveto,3.5,스타일리시한 한국형 여배우 액션물의 새로운 장.,긍정
keorm,2.5,"깔끔한 액션 영화. 캐릭터들과 액션이 좋았고, 어설픈 군더더기 서사가 없어서 차라리 좋았다.
===============
2022년 1월 12일 개봉한  박대민 감독의 한국 영화. 주연들의 연기력이 준수하고 카체이싱 장면이나 장면에 따라 적절하게 들어가는 준수한 BGM과 같은 요소들은 관객들에게 좋은 평가를 받았다. 단순히 차량 액션만 있는 것은 아니고 박소담의 맨몸 액션도 상당히 많은 비중을 차지한다. 전형적인 액션물의 주인공인 박소담의 은하 역이나, 레옹의 노먼 형사가 떠오르는 송새벽의 조경필 형사 배역과 같이 어찌보면 클리셰적이고 평범하게 비칠 수 있는 주역들을 연기자들이 잘 살려냈다는 것에는 전반적으로 호평이 많은 편. 전체적으로 킬링타임용 오락 영화로서는 적절하다는 것이다. 소재 부분에서 레옹과 베이비 드라이버, 트랜스포터 등의 장르물들이 강하게 연상되는 것은 부정할 수 없다. 특히 베이비 드라이버를 오마주한 부분이 꽤나 많이 등장하는데, 중반부 주차 타워에서의 자동차 추격전과 후반부 백 사장이 금고에서 산탄총을 꺼내 쏘는 부분 등이 있다. 그 와중에 여러 장르물이 뒤섞여서 개연성에까지 지장을 준 부분이 비판받는 점인데, 운전실력이 베이비 드라이버의 주인공을 뺨치는 수준인 것을 넘어서 후반부 들어서 장르가 바뀌는 것처럼 박소담 배역의 은하가 탈북자였고, 탈북 당시 피투성이었다는 설명만이 별다른 복선이 없이 갑자기 등장하면서 혼자서 깡패들 여럿을 학살하거나 총에 맞아도 끄떡없이 살아나는 등[더구나 은하는 깡패들과 혈투를 벌이고 총에 맞은 뒤, 조 형사에 의해 팔에 수갑이 채워진 채 깊은 바다로 가라앉아 거의 사망에 가까운 상태였으나, 후반부에 갑자기 생채기 하나 없이 멀쩡하게 차를 운전해서 나타난다], 영화 아저씨의 차태식을 연상케 하는 인간병기로 변모하는 식의 뜬금없이 넘어가는 엉망진창의 개연성에서 큰 혹평을 받았다. 작중 은하의 나이가 서른살도 안 됐다면서 꼬마에게 아줌마라 불리는 상당히 괴상한 설정이 존재하는데 아마 영화 아저씨에서 김새론이 원빈을 아저씨라 부르는 그들의 관계를 흉내내어 따라한 것일 가능성이 높다.

예상치 못한 배송사고로 걷잡을 수 없는 사건에 휘말린 특송 전문 드라이버 ‘장은하’. 어쩌다 맡게 된 반송 불가 수하물에 출처를 알 수 없는 300억까지! 경찰과 국정원의 타겟이 되어 도심 한복판 모든 것을 건 추격전을 벌이게 되는데…NO브레이크! FULL엑셀! 성공률 100% 특송 전문 드라이버가 온다!
------------------------------
[특송]은 [그림자 살인], [봉이 김선달]의 감독 박대민의 신작입니다. 원래는 [기생충] 인기를 등에 업고 ([기생충] 배우 두 명이 주연입니다. 박소담, 정현준요) 2년 전에 개봉되었어야 했는데, 역병이 터졌지요. 영화는 한없이 뒤로 밀리다 드디어 내일 개봉합니다. 그러는 동안 박소담은 갑상선 유두암 때문에 수술을 받아 홍보활동을 못하고 있고요.

영화의 주인공 은하는 할리우드 영화에 자주 나오는 드라이버입니다. 범죄를 저질렀거나 기타 수상쩍은 이유 때문에 특별한 운송수단이 필요한 고객들을 현장에서 탈출시키거나 목적지에 데려다 주는 게 일이죠. 그러던 어느 날 고객 대신 고객의 어린 아들을 얼떨결에 떠맡게 된 은하에게 목격자인 아이의 목숨을 노리는 악당들이 달라붙습니다. 주인공으로서 더 이상 프로페셔널한 거리를 유지할 수 없게 된 것이죠. 그러니까 월터 힐의 [드라이버]와 카사베티스의 [글로리아]를 섞은 것 같은 설정입니다. 김대민은 [레옹]의 영향을 더 받았을 거 같아 보입니다만. 특정 캐릭터를 보면 특히 그런 생각이 듭니다.

배배 꼬인 음모가 중심인 시대극이었던 감독의 전작들과는 정반대입니다. 현대물이고 이야기는 아주 단순해요. 그 뒤에 복잡한 음모가 숨어 있긴 한데, 관객들은 굳이 그게 뭔지 알 필요가 없습니다. 은행보안키가 이야기를 끌어가는 맥거핀이라는 것만 이해하면 충분해요. 그 결과는 전작들보다 훨씬 낫습니다. 깊이 같은 건 없지만 시간이 막힘 없이 술술 잘 흘러가고 끝까지 긴장감이 사라지지 않는 대중영화예요. 감독의 능력이 최적화될 수 있는 재료가 이런 거였던 거 같아요. 할리우드 재료이니 얼마나 차별화되느냐가 중요한데, 제가 보기엔 성공한 것 같습니다. 미국에서와 비슷한 일들이 벌어지지만 공간이 달라지니까 액션 또한 달라져요. 좁은 골목, 오르막과 같은 한국 특유의 공간들에서 차를 몰고 들어가면 머슬카들의 결투와는 전혀 성격이 다른 정교한 쥐와 고양이 게임이 가능해지지요. 아, 클래식 카에 대한 미국 영화의 집착이 보이지 않는 것도 특징이라고 할 수 있겠습니다. 이 영화에서 가장 클래식 카 대접을 받는 게 BMW E30 정도인데, 심지어 그 차도 그렇게 주인공 행세를 하지 않아요. 한국의 현실 공간에서 볼 수 있는 평범한 차들의 비중도 그만큼 큽니다.

카 체이스가 아닌 다른 액션의 비중도 크고 특히 클라이맥스는 카 체이스 대신 몸싸움으로 구성되어 있습니다. 그건 좀 아쉬운데, 그래도 그 액션은 잘 짜여졌습니다. 주인공을 '여전사'로 대신 자신과 상대방의 장단점을 제대로 이해하고 익숙한 공간과 도구를 최대한으로 활용하는 똑똑한 사람으로 만들었어요. 주인공 은하의 어깨에 영화 무게 대부분이 걸려 있습니다. 그리고 은하 역의 박소담은 영화가 시작될 때부터 끝까지 쿨해요. 아마 최근 몇 년 동안 나온 한국어 액션 영화 주인공들 중 가장 쿨할 거예요. 일단 불필요한 자기 과시가 전혀 없거든요. 그리고 영화 내내 은하가 얼마나 유능한 전문가인지를 물 흐르는 것처럼 자연스럽고 능숙하게 보여주거든요. 송새벽, 염혜란과 같은 조연진도 만족스러운데, 이들에 대해 자세히 이야기하면 스포일러가 될 거 같아요. 사실은 알아도 별 상관은 없긴 한데, 그래도 최소한의 형식은 존중해야죠? (22/01/11)

기타등등
뒤에 감독의 전작과 연결된 카메오 배우가 한 명 나옵니다.",중립
Seungmin,1.5,당연하게도 몰입할만한 서사는 영화에서 중요한 역할을 한다. 나머지 좋았던 요소들이 힘을 잃을만큼 몰입도가 떨어진다.,부정
혜윤,2,그냥 결말이 아쉬워,부정
dancingwithyourghost,4,"엔딩이마음에든다
라고2022년1월12일일기에적어뒀네
과거의내가",긍정
여정훈 평론가,1.5,럭키 레인보우택시,부정
김태완,1.5,정말...,부정
조재호,1.5,"카체이싱 한 숟가락, 눈물샘 자극 아홉 숟가락",부정
ㅈㅇ,2.5,"음..소담 배우 때문에 봄.
경찰 같지 않은 깡패 경찰 얘기 보는 거... 이제는 좀 지겨움.",중립
은지,2,너네는...이런거 보지마라..🚬,부정
생닭은없어요,1,노잼이라 뭔 내용인지 기억도 안남,부정
박상민,2.5,"근래에 나온 유사한 장르인 뺑반과 비교하면 초중반의 추격씬 장면 연출은 인상적이지만, 후반부를 자동차가 아닌 육탄전으로 장식하는 점은 아쉽다.
송새벽 배우의 연기는 흠잡을 구석이 없을 정도로 인상적이지만, 정현준 배우는 울기만 하고, 박소담 배우는 범죄 액션 장르에 적합치 못한 마스크로 느껴지는 등, 연기 연출에서 아쉬움이 크게 남는다.
그 외에도 제대로 활용하지 조차 않는 탈북민 설정이나 납득되지 않는 은하의 생존, 쓸데없이 반복되는 트림 유머 등 영화의 각본에 전반적으로 아쉬운 점이 많다.",중립
japple,2,"모든 장면이 자꾸 어디 선가 본 듯 한데, 게다가 신파적 감성까지. 애는 그냥 놔둬라. 제발..",부정
댄디큐티,3,개봉시기가 아쉽다.,긍정
Nho Heay-young,2,"어떻게 하면 자동차가 멋지게 달리게 할것인가만 연구한 영화
다른건 다 베끼기.",부정
러브무비,2,카체이싱만 잡았으나 그 카체이싱도 이미 많이 본 듯한.,부정
validbean,3.5,"박소담 액션이 깔끔하고 좋았다
차 액션 신들 꽤 멋있고

스토리야 머 아저씨를 스토리 보고 좋아했던 사람 있나 ㅋㅋㅋㅋㅋ
박소담 진짜 멋있어",긍정
살좁,4.5,고양이는 언제나 옳아,긍정
승민성,0.5,내용물이 쓰레기인데 잘 배달해봤자 무슨 소용?,부정
SOON,2.5,"베이비 드라이버의 여자 배우 버전이라고 해도 무색할만큼 주연배우의 드라이버 실력이 훌륭하게 드러나는 영화였다. 물론 너무나도 뻔한 스토리였지만 그래도 안먹히는 스토리보다는 클래식은 영원하니까...아역배우였던 친구와 박소담배우의 호흡도 너무 좋았고, 주조연 배우들의 연기도 훌륭해서 보는내내 통쾌하고 즐겁게 봤던것 같다. 킬링타임용으로 충분히 재밌는 영화였다. 한치의 오차도 없이 관객이 예상한대로 흘러가서 그점이 가장 아쉬웠던 영화였다. 그럼에도 불구하고 또 이런 영화가 나온다고 해도 볼것 같다.",중립
지ㅇ,1,김의성이 배신 안 하는 게 신박했어요,부정
배우는배운다,2.5,시원한 카체이싱과 과속방지턱 액션,중립
질주,1.5,걍 한국 영화라고 하면 생각날 흔한 스토리 전개와 연출 새로울 것 하나 없는,부정
Lemon girl,3.5,포동 절대 지켜,긍정
이새한,3,오락영화로 즐기는데는 충분,긍정
JeongMinYoo,2.5,보면 볼수록 베이비 드라이버와 레옹이 계속 생각난다,중립
김이수,1.5,내용은 이해 불가.... 운전 실력만 인정,부정
고분자연구실,3,"배송이라는 신박한 개념으로 성미급한 한국사람들의 정서에 걸맞는 능력치를 보여주는데 빈약한 스토리가 아쉽다. 상대적으로 서울대작전과 비교 된다

킬링타임으로는 그래도 나쁘지 않음!",긍정
young,4,운전면허 따고나서 신나는 맘에 운전영화 찾다가 보게된 영화! 스틱으로 운전 뽝뽝뽝 하는 박소담 모습이 넘 좋았다. 보면서 나도 저렇게 운전 잘하면 운전할 맛 나겠다는 생각에 가슴이 불타는 느낌이 듦🔥 남자 애기 하는 넘 귀엽게 생겼고 하는 행동도 귀여웠따. 박소담이랑 애기랑 케미가 잘 맞아보여서 더 꿀잼이였다. 둘이서 바다근처에서 산책하며 대화하는 장면이 기억에 남는다😎,긍정
서동균,3,"새벽에, 새벽에 의한, 새벽을 위한",긍정
하유미라잌댓,3,박소담 액션영화 더 줘,긍정
Köpskam,4,"처음 본 애기 구하려고
가족같은 사람들 인생 박살내버리기",긍정
필네씨,1,그래서 관객에게 배송하고 싶었던 건 무엇일까.,부정
G-Design,3.5,송새벽은 좋았다.,긍정
기어코오네,3,나의 리틀 드라이버.,긍정
강덕인,2.5,"특송이라더니 멋드러진 카체이싱 장면이
극초반 빤짝하더니 갑자기 여성히어로액션물
되버린게 상당히 당황스럽다.
여기저기에서 본듯한 스토리",중립
정주,3,송새벽 좋아,긍정
Moru,3,"의외로 액션이 잘 어울리는 박소담 배우. 소재, 스토리 재탕삼탕이어도 장은하의 액션만으로도 만-족",긍정
Uri,2,"뻔한영화
옛날 선물? 그영화랑도 비슷한것같고",부정
코코,1.5,"익숙한 남의 영화들 이것저것 따와 기워만든
배우들 연기 빼고는 볼게없음
뭣보다 경찰은 약쟁이도아닌데 왜 코를 킁킁거리면서 다니는거야.. 비염이야?",부정
이상인,0.5,"여자판 아저씨를 찍겠다는 말에 혹해서 덥썩 주연을 물어버린 박소담.
근데 영화감독이 재현드라마 전문인가 뭐지 이 엉성한 화면은?",부정
Shah,2,"폭력이 ㄴㅓ무해..
돈없어도 되니까 바르고 조용하게 살다 갈게요..
쫄려서 못보겠네
-
? ? ? ? ?
사장님 너무 슬프고 멋있고여
카무빙도 멋있었어용
중간에 합류한 국정원의 역할은 그것 뿐인가",부정
GeunjooCho,2,난폭운전 최악이십니다,부정
호가든,4,"음악이 너무 세련됐고 박소담이 너무 멋있다
갈수록 아이가 계속 울어서 좀 짜증났는데(어쩔수 없는거 알지만 오디오에서 계속 울어서 ㅠ) 그래도 박소담 멋있는거 보려고 참고 봄",긍정
피카츄돈까스,3,킹소담,긍정
군고구마,1.5,송새벽의 연기변신은 좋았다,부정
Kyung,3,박소담의 카리스마가 좀더 필요함,긍정
강씨네수다,2,"이 영화에서 오로지 김의성 배우만이 캐릭터를 연기한다.

+ 그래도 수중 수갑 채우는 송새벽 배우의 표정은 좋았다.

+ 이상한 음악이 이상한 타이밍에 불쑥 끼어든다.",부정
초록,0.5,킹받는다,부정
100호,4,"서원이 잘커서 로맨스 고..?

운전하는 씬은 몰입이 너무 잘되는데
싸우는 것 까지 잘 할 줄이야",긍정
문학동네 원숭이,3.5,"스토리가 진부해서 그렇지 나름 볼만했다

박소담이 예뻐서 편파점수 들어감

송새벽이 힘없고 만성피로한 미친놈연기 잘하는거 같음",긍정
방구석 영화덕후,1.5,다른 영화들 베낄거면 좀 잘 베끼지,부정
Kimih To,2,"탈북민은 다 슈퍼히어로라는거야 뭐야?
희생의 가치도, 우정이나 의리의 의미도 너무나 무색한 구멍숭숭한 실타레.
마지막엔 보기 민망할정도의 카피카피카피……………..",부정
박예은,3.5,나의 아줌마,긍정
훈재,3,기정이랑 다송이 따랑행,긍정
강윤현,1.5,자동차 액션 말고는 설득력이 없음,부정
Eunji Jeong,3,"스토리는 억지스럽지만
그래도 자동차 추격씬은 나름 괜찮았다.",긍정
darkice,1,초반 카레이싱 딱 하나건진...,부정
평화주의자,3.5,재밌게 잘 봤는데 엔딩이 너무 급해서 아쉽,긍정
Vacancy,2,"뭐 잘났다고 티를 냅니까
잘나기라도 하던가..",부정
우상준,3,ㅇㅇ,긍정
이편식,2.5,박소담이 아깝고 음악이 좋습니다,중립
CBS,2,"뭐든지 섞으면 도 아니면 모인데, 이건 도에 가깝.",부정
어영진,1,2022.10.14,부정
케븐,2.5,많은 것이 오배송되었다.,중립
Hye,5,#2022.10.11,긍정
🔥불광명,1.5,"""부끄럽지만, 가장 한국스러운 작품.
이 영화에 K딱지를 붙여드립니다.""",부정
WatchaPedia,3,한국판 레옹.,긍정
쩌비,2,아이의 등장과 동시에 이야기의 흐름이 정체되고 진부해짐,부정
하얀얼룩말,3,와! 이게 재밌네?!,긍정
라뱅뱅715,0.5,이래서 내가 남자애를싫어해..,부정
이지형,1.5,뭘 위한 캐릭터인지 뭘 위한 액션인지 도무지 알 길이 없음.,부정
으헤헹,3.5,"제법 쫄깃한데? 박소담도 멋있고 여캐 원톱은 희귀해서 더 좋으니까 0.5 추가
.
.
.
.
.
.
.
.
근데 처음 본 아이를 그렇게까지 지키려고 하는 건 조금 이해가 안 가... 고양이 키우는게 약간 그런 거였나? 조그만 생명체에게 보호본능을 느끼는??
거의 하루 - 몇시간 만에 아이를 목숨 걸고 지키는 건 좀 개연성 부족한 듯

그리고 집에서 키우던 고양이를 밖에서 키우면 우짜노~!!!",긍정
큰김,2,"음..딱 생각한 그대로 그 이상 그 이하도 아닌.
재밌지도 재미없지도 않은.
연우진이 좀 더 길게 나왔더라면",부정
류크 김박봉나,1,"1. 예술문화의 역사 속에서 클리셰로 부터 온전히 자유로운 영화가 몇이나 될 것이며,  이런 류의 영화에 클리셰가 범벅이 된다고 해서 욕먹을 만한 것도 아니라고 생각한다.
1-1. 그런데 이 영화는 범벅이 아니라 개밥 수준이다.

2. 맘에 드는 장면이 단 하나라도 있기 마련인데, 진짜 모든 장면이 토나오는 수준이다.
2-1. 에필로그 장면은 그래도 (아무리 개똥 같았더라도)이야기가 해소된다는 그 자체로도 최소한의 만족감은 깔고 들어가는데 이 영화는 에필로그 조차 개같다.

원래 이런 개같은 영화에는 이렇게 정성스런 리뷰를 쓰지 않는데, 제발 이런 영화들이 더 이상 제작되지 않았으면 하는 간절한 바람을 담아본다.

-박소담: 제이슨 본이세요?
-김의성: 1인분
-송새벽: 연기설정 등등 최악.",부정
쏘쏘거북,3.5,"우연찮게 만난 아이를 지키기위해 나서는 그녀의 미친듯한 질주.. 그 끝에 존재하는 행복과 또 다른 시작..

잔잔함과 추억쌓기로 시작되다 15세와 청불 사이의 강렬한 유혈액션으로 마무리되는.. (원래 청불등급을 받았다가 재심의를 통해 15세로 등급이 정해졌다는 썰을 써보며)

볼만했다. 생각외로.. 인상적인 카체이싱 액션에  👍

강렬하고 애틋하고 한편으론 아쉬우면서도 긴장감을 자극했던 범죄영화 ' 특송 '

p.s 혹시 시즌2를 생각하고 그런 열린결말을 두신건지..",긍정
UG,3,연기가 좋아서.,긍정
정대현,2.5,풀악셀을 밟은거 치곤 루즈하다,중립
공국성,2,박소담 아니었으면 1.5,부정
이태윤,2.5,차에 타는 순간 '만'을 애타게 기다리는 아이와 관객,중립
주현정,2,카체이싱은 조은데… 뻔한 플룻,부정
이진영,2.5,설정부터 레옹에 아저씨 냄새가 물씬 흘러 넘침.,중립
김영훈,3.5,간단히 즐기기에 좋아요,긍정
다구짱,2.5,마지막 순간의 위기를 어떻게 빠져나왔다는 묘사나 암시도 없이 얼럴뚱땅 해피엔딩으로 마무리 지은게 아쉬웠다.,중립
박마꽁,3.5,"뻔하지만 킬링타임용으로는 딱이었는데?
우리나라 영화가 그렇지 뭐ㅋㅋㅋ
개인적으로 송새벽이 하는 악역 좋음ㅋㅋ많이 무겁지도 않고 실없어서 웃겨ㅋㅋㅋ",긍정
신제현,2.5,스포일러가 포함되어 내용을 생략했습니다.,중립
MJ,3.5,박소담 팬심으로 겨우 특송.,긍정
어랍쇼,3,난 오히려 여유로운 빌런 송새벽이 맘에 들더만.,긍정
몽님,1.5,"이런 영화는 팝콘먹으면서 보는거 아님?
트름이 계속 나와서 드러워죽겠음
잔인하기도 15금 맞나 싶은 수준이고;;",부정
카니형,3,-MBC-,긍정
TR,3,박소담의 재발견,긍정
HyewonKo,3,기시감이 있다고 하여도 연기로 살려내는 캐릭터들. 기대보다 괜찮다.,긍정
챠왓,3.5,액션배송,긍정
groovie,3,"딱 준수하단 말이 어울린다. 원래 애 딸린 액션 영화 안 좋아하는데 걱정했던 만큼 신파도 없고, 인스타-레트로 감성 색감과 구성 적당히 잘 섞어서 만든 박소담이 예쁘게 나오는 영환데 액션 장르에 딱히 부담없이 잘 녹아들고 딱히 칭찬할 것도 없지만 욕할 것도 없는 부담없이 볼만한 액션 영화",긍정
여름,2,괜찮은 콜라주.,부정
박재홍,2,"자동차 영화를 보면 태생이 차쟁이라 말이 많아진다. 특히 카체이싱장면을 호평하시는 분들도 많은데 개인적으로는 상당히 별로다. 특히 중간중간 티나는 cg와 베이비드라이버를 베낀 씬들은 그렇다치고 bmw e34가 중간중간 e39로 바뀌는데 처음부터 e39쓰지...

아참 영화 이야기 해야지, 박소담은 여전히 매력적임 끝.",부정
노민준,2,박소담 연기밖에 특별한 게 없고 극이 진행될수록 힘을 잃는 영화.,부정
영화인,2.5,생각보다 망작은 아니었던. 캐릭터 레이어를 위한 요소들이 클리셰 덩어리. 결과적으로 글이 별로임. 그래도 보여주고자 함에 대한 감독의 집요함은 인정.,중립
emm386,3,갈길이 먼데 자꾸 아이가 걸리적거린다.,긍정
오너굴,3,박소담이 정말 능글맞게도 연기를 잘한다,긍정
김기완,4,"마이 네임의 한소희, 마녀의 김다미에 비길 바는 아니지만 김소담은 열연 했고, 송새벽도 굉장히 변신했다(80% 변신이라 아쉽지만) 연출 부서가 개연성에 목숨을 거는지 스토리는 짜임새 있고, 복선도 완벽했다. 덕분에 다소 작위적이었다.

그럼에도 불구하고 상당히 연출하기 힘든 스토리와 장르에서 선방했다. 라고 생각한다.

+ 최근 유아인의 서울대작전을 본 사람이라면 이 영화엔 최소 별 4개는 달아줘야한다.",긍정
이시하라 사토미,0.5,반품,부정
linco,2,죽지않는 연약한 아이,부정
이관렬,1.5,짝퉁 여자버전 아저씨,부정
슈슈,4,"아저씨를 잇는 아줌마,,,
다송이 넘 귀여워,,,",긍정
박재모,3,시간때우기용 그이상 그이하도 아님,긍정
서새,3,소담언니가 조아요..현준어린이가 너무귀엽습니다...,긍정
주마등,2,영화가 철이 없다,부정
반성문을영어로하면글로벌,3,"간간이 맛보여주는 간간한 액션이 참 좋았다.
박소담이 멱살잡고 끌어올린 영화.",긍정
하랑,2,"화려한 카체이스는 분명 맞는데, 전혀 쫄깃하지
않다.",부정
이름변경,2,납득이 안되잖아 납득이 아쉽다는것이 칭찬임ㅜㅜ,부정
고창수박,2.5,액션장르면 스토리는 빼고가도 돼요?,중립
이창훈,2.5,ㆍ,중립
LuS L.,1.5,"배우들의 연기, 액션은 흠잡을 바가 없었다.
아직 블록버스터의 카체이싱을 따라 잡기엔 아쉬움이 있으나 감내할 수 있다.
그러나 어린아이를 등장시켜 고구마 먹이는 역활만 시키는 것은 참을 수 없다.",부정
llIIll,3.5,스포일러가 포함되어 내용을 생략했습니다.,긍정
지루한건못참아,2.5,"약간 영화 아저씨같네,,,
글고 너무잔인하고ㅠ 박소담이 다이끌어가는 영화,,,
그ㅠ경찰 연기넘이상함.",중립
MOAAI🗿,2.5,"큰 기대는 없었고,
딱 그만큼 보여줬다.

박소담은 고생했지만,
원톱물을 맡기엔 무게감이 떨어진다.
발성 탓인가...
<차이나타운> 김고은과 비교된다.

카체이싱과 액션, 그리고 송새벽은 좋았다.

극의 전개를 꼬마가 도맡다시피 하는데,
그게 이 영화의 가장 큰 단점이다.",중립
손혁,2,강박적 보여주기에 급급한 구태의연함,부정
주혁,2,여친이랑 봤는데 그날 이별할뻔 ㅋ,부정
희희,2,집에서 보길 잘했당,부정
witHDust,2.5,"다들 비슷한 감흥,
볼만한 카체이싱 빼고는 심심한 한국영화... 아쉽!

2022. 8. 1.",중립
손영우,2.5,솔직히 좀 많이 실망...한국판 택시드라이버를 찍고 싶었던것 같은데... 배우들의 연기 말할 필요 없었다. 그런데 내용 전개는 좀...,중립
김승욱,2,아무리 봐도 오마주보단 표절에 가까운 변주곡,부정
료타,2,베이비 드라이버 + 아저씨 + 후디니 물속 탈출 마술,부정
정영은,2,신선하기는 했음,부정
maru,3,"킬링타임용

실제로 운전하고 다니다보면
한국 도심에서 자동차 추격전은 거의 판타지란 생각이 든다...ㅋㅋㅋ 이 좁은 땅덩이에 차가 왜이리 많은지...
그래서 영화로라도 대리만족ㅎㅎ

아역 배우와 박소담 배우의 케미가 의외로 좋다ㅎ

그리고 포동이 왜 밖에서 키우냐 ㅠ
장은하씨야 얼른 다시 실내에서 소중하게 길러줘라ㅠ

+
소담 배우도 애기같은데 자꾸 아줌마 아줌마 할 때마다 어쩐지 어색했다ㅋㅋㅋㅋ",긍정
신진영,2,꼬맹이에게 고양이 사진을 보여주며 귀엽지라고 하는 순간 이 영화에 대한 내 기대감을 접었다,부정
GR. 이제,3,"박소담 좋아 ~
팝콘무비로 좋았음
액션연기 멋짐~",긍정
이대광,2.5,초반 액션만 보면 와 인데...,중립
병철,3.5,2022.01.20,긍정
전지훈,2.5,시원한 직진과 커버링을 원했는데 왜 자꾸 중간에 서서 그래요,중립
말주변,2,송새벽 연기가 가장 베스트,부정
강준원,2,많이 봤다 어디서,부정
손님,2,나의 소중한 시간 특송,부정
최지원,1.5,'님 좀 짱인듯'에서 껐어야 했다.,부정
남형진,2.5,꼬맹이가 너무 거슬리네요,중립
세현된 필름,3,박소담 원툴,긍정
가미짱,3.5,스포일러가 포함되어 내용을 생략했습니다.,긍정
수덩,1,"소담언니 멋져요...... 좋았던 건 그것 뿐이야.......
아역과의 관계랑 케미는... 스토리도..
일 벌릴 때마다 뒷감당이 되려나 했는데🤦🏻‍♀️",부정
손준영,2.5,그럴 듯한 카체이싱으로도 포장되지 않는 전형적인 플롯과 캐릭터,중립
류영선,2,그래도 연기 좋았다,부정
환야,2.5,적정속도 잘 지키는 스포츠카,중립
sohui Jun,2,"왜 갑자기 목숨걸고 애기를 구하기 시작하는지,,, 생각해놓은 액션씬에 이야기를 대충 구겨 넣으려고 급전개 하는 느낌 ㅇㅅㅇ 어디서 본듯한 액션씬들만 남아써
자꾸 아줌마 거리는거 넘 별루네 걍 이모정도만 하지~
송새벽 배우 연기 잘한다~.~",부정
샬롯데시네마,0.5,걍..카트라이더🚗🚔🚕,부정
MOON,2.5,김의성 배우 악역 아닌게 가장 어색하다 ㅋㅋㅋ,중립
Jihwan Cha,3,"그나마 송새벽의 독특한 연기 보는 맛만,",긍정
최혁,2,"박소담 때문에 본건데 .. 실망이네
박소담의 작품고르는 능력이 이 정도라니
송새벽은 악역도 잘어울리네",부정
퍙퍙,2,베이비 드라이버로 시작해서 아캄어사일럼으로 끝나냐;;;,부정
김정원,2.5,뭐 볼만했다,중립
세이쥬,3,"베이비 드라이버 + 레옹 + 아저씨 + 박소담 = 특송
하늘 아래 완전 독창적이면서 재미있는 이야기가 어디 있겠냐만은 보는 동안 여러 영화들이 떠올랐다. 좋은 의미로도 나쁜 의미로도 말이다.
그나저나 결말을 그냥 안보여 줬음 어땠을까 싶다. 감독이나 제작자야 후속편을 만들고 싶으니 이해는 된다만... 사람들이 ""왕좌의 게임"" 초반 시즌을 보며 왜 마음 조렸는지를 한번 더 생각해 볼 필요가 있다. 박소담 때문에 봤고, 박소담이 고생한 건 알겠다.",긍정
이성호,2.5,"애매모호 공감되지 않는 신파까지 넣어두며
'저렇게까지?'란 의문만 곁에 두게 됨",중립
Sue,2,플롯을 위해 당위성 결여된 영화적 허용을 무조건 수용하라 관객에게 강요한다,부정
chungs_yy,3,스포일러가 포함되어 내용을 생략했습니다.,긍정
김향기,1.5,"포스터는 영락없는 사이버펑큰데
막상 뚜껑 열고보니 뺑반",부정
ee,2.5,"유치할거면 행복하게 했음 좋겠음
꼭 그냥 슬프게 사람 하나 꼭죽임",중립
김시환,2,"액션, 연출, 스토리, 사운드 흥미로운게 하나 없고 이게 어떻게 이런식으로 나왔는지 의문이다. 연출이 문제인가? 공감이 전혀 안된다
길게 적다 줄인다. 그냥 안 봐도 된다.",부정
snowfrolic,2.5,"제목이 특송이면 특송을 해야지
왜 피칠갑 싸움을 하냐

2022.5.30 웨이브",중립
이은경,2,"아무리봐도 박소담이 아줌마로 보이지않는데
아줌마아줌마하는건
아저씨 따라하는거로 바도 무방합니까",부정
MichelleKang,4,"오랜만에 시원한 카체이싱 시원한 스토리 굿

2022.05.26",긍정
Beanii,2.5,애매한 느낌과 진부함이 아쉽다. 제목답게 좀 더 빠른 템포가 유지되었다면 좋았을 듯.,중립
김형태,2.5,뜻하지 않게 용한 무당이 된 관객.,중립
raddoc71,3.5,"감정이입이 잘되지 않는 신파를 제외하고, 어디선가 본 듯한 느낌의 장면과 흐름이지만 주연배우들이 나름 잘 살려낸 듯.",긍정
소앙,2.5,레이싱 추격신 볼만하고 나머지는 뻔함.,중립
안성현,2.5,"<22년 5월>
한국판 트랜스포터를 만들고 싶었던 것 같은데 여러모로 어설펐다.",중립
송영범,3,"훌륭한 액션
너무 차분한 주인공
너무 진부한 전개",긍정
홍마초,3,선수입장 안하려고 애쓰는게 보인다,긍정
노근우,3,"그녀는 매력 있지만 시동은 걸리다 만 거 같은데..
시동 걸리고 난 후 모습이 보고싶다.",긍정
Aiden Kim,2.5,나쁘지 않은 영화,중립
glumgray,3,자동차 액션은 입이 쩍 벌어진다 자동차 액션만,긍정
만추,2.5,운전만 잘하는 줄 알았는데 싸움도 겁나 잘해.,중립
최혜린,2,초반 드라이빙씬을 제외하곤 그닥(...),부정
길별은,5,모범택시  아류작인가,긍정
이올린,3,"시원시원한 카체이싱.
결말은 글쎄.. 굳이.",긍정
MinSung Kang,2.5,"감상팔이만 빠졌다면 더 좋았을법한, 스타일 괜찮았을 카체이싱 무비",중립
김규식,2,스포일러가 포함되어 내용을 생략했습니다.,부정
구근범,2,"카체이싱 영화인데, 카체이싱이 너무 없다.",부정
김일수,3.5,"반품 불가 엔딩에 모든것을 말았다!
무난하게 볼만하다가 엔딩에서 말아먹은..그냥 세드 엔딩은 안되는거야!? 꼬맹이가 커서 소담이한테 배운 키박 뜯는걸로 유쾌하게 그냥 오락성으로 끝내도 될텐데 굳이... 사자소생으로...
PS. 22.05.05.",긍정
봄날,1.5,"예고편을 보고 ""베이비 드라이버"" 짭을 만들었나 싶었는데, 차라리 그렇게 만들었으면 볼거리라도 있었을 것 같다",부정
Star Han,3.5,"유쾌하게 봤다.
박소담은 역시 연기를 잘하네
-요약본",긍정
장명승,1.5,2022.05.04 독산 집,부정
CHOO78,3.5,"오랜만에 재미있게 영화를 즐겼다.
훌륭한 킬링타임 작품.
박소담의 연기도 괜찮은 편이고 송새벽•김의성은 역시나 매력적인 배우들!",긍정
임승권,3.5,"우리 소담이 이쁘네…
근데 난 잼나든데 그리고 뭣도 모르면서 뭣도 아는척 하는놈들 때문에 더 저 평가 된 영화라고 생각함",긍정
정욱,1.5,ㅠㅠ,부정
dae,4,"우리나라에서 이젠 자동차 레이싱도 이정도 만들 수 있다니! 자동차 레이싱을 잘하던 여주인공의 갑작스럽고 과감한 액션이 현실적이지 않지만, 악역 형사의 캐릭터는 매력적이다.",긍정
스치,2,처음부터 끝까지 모범적이다,부정
딸꾹,1.5,박소담 예쁘다,부정
aneshead,4,"간만에 나온 국산액션수작이라고 생각함. 카액션과 격투액션 모두 깔끔하게 나왔다.
캐릭터들 비중 조절도 좋고. 군더더기 없이 잘 편집되서 흐름이 어설프지 않다. 결말이 과하다면 과하지만. 그정도로 끌고가지 않았다면 뒷수습도 힘들었을듯. 물론 이 영화에서 젤 좋은건 박소담의 연기!!!
액션영화 소재가 다 거기서 거긴데. 이정도면 좋은거지 뭘 여기저기 비교해야하나.. 충분히 즐겁다~",긍정
어른 아홉살,3,근데 또 이런 영화 보고 싶을 때가 있음.,긍정
류지,3.5,<아저씨>아니고 아줌마.,긍정
악어새,3,"자동차물을 좋아한다면 적당히 킬링타임으로 볼 만 함
스토리에 대한 기대 보다는 시원시원한 오락용 영화",긍정
류😗,3,"기대없이 봤는데 생각보다 재밌던 영화!
초반엔 좀 지루함이 없지않아 있었는데 적당한 액션과 귀여운 아역 덕분에 순식간에 결말까지 왔다
마지막에 한국영화 특유의 신파극으로 결말이 예상되었지만 킬링타임용으로 좋았다!",긍정
Kevin,1.5,"애기 연기가 너무 어색하다ㅜㅜ

부패경찰 뺑반 이것저것 다 섞어놧다",부정
이상현,3,"분명 재미는 있는데.. 뜯어보면 다 엉성하고 부족하다.. 악역으로 열연한 송새벽배우님만 빼면 스토리 연출 배우 액션 좀 더 미쳐줘도 좋았을 것 같다. (22/04/24, 시즌)",긍정
김준기,2.5,차기작에 대한 야망도 함께 배송,중립
진휘,1,생각보다 불편할 건 없었지만 그게 전부임,부정
sw,3,"송새벽 연기 잘하는데
그에 반해서 작품이 안 떠서 아쉬움
22.4.24 집에서",긍정
신난당,3,결말에 개연성만 좀 더 있었으면 즐겁게 보고 끝냈을 것 같다.,긍정
우정완,3.5,스포일러가 포함되어 내용을 생략했습니다.,긍정
김동식,3,220423 올레티비,긍정
펄루,0.5,"별 한개도 아까운 c급 영화
개성이라고는 1도 없고 개연성도 없고
결말도 최악",부정
calling you,4,"아저씨가 있다면 아줌마도 있다

ㅡ김하울땜에 이런 영화를 다 보네ㅡ",긍정
박봉달,1,송새벽은 좋았다.,부정
서정익,0.5,"그저 그런 주인공 은하의 매력, 뜬금없는 복고풍의 OST, 스타일리쉬를 표방한 기시감 가득한 어딘가 촌스러운 연출. 송새벽의 열연에 박수를..",부정
박준호,1.5,25분짜리를 100분짜리로 만드니 재미가 없지요~^^,부정
고태식,1.5,개노잼 아저씨따라할려고함 아이랑 감정선 적립이 아예안댐 아이연기 너무 깸 새벽이 연기는 잘함,부정
racid,3,익숙하고 뻔하지만 유효타가 포진해있다.,긍정
김기백,2.5,"다음 장면에 무엇이 나올지 뻔히 예상되는 뻔함 속에서 익숙한 영화들의 클리셰가 뒤섞여있다. 지루할 틈은 없지만, 그렇다고 그게 항상 칭찬일 수는 없는 법이지.",중립
여름파괴자,3,"오ㅋ 액션 영화의 쌈박질과 추격씬이 싫고 지루해서 잘 안 보는 편인데 이건 꽤 재밌게 봄.

베이비 드라이버 김치국 버전 느낌 쫌 있네.  그리고 브금이 아주 적절한 조미료였음. 영화 시작하자마자 집중 뽝 되던데.

내용은 뭐. 걍 맨날 똑같은 그건데 박소담이 귀여웠다. ""앞으로 와."" 할 때 개멋짐ㅋㅋ

그리고 포동이는 원래 개냥이인가?? 박소담이랑 무슨 관계길래 저렇게 순둥하지.. 오구.",긍정
호호하하,3.5,여성판 아저씨. 왜 그렇게까지 하나 물으면 아이가 귀여워서라고 할 수 밖에.. 그래도 배우들의 연기는 구멍이 없다,긍정
윤윤,3.5,국정원 한미영이 운전을 못할때 마다 어떤 장면을 위한 빌드업인줄 알았는데 아니었다. 그럼 됐다.,긍정
LP,3,누구나 가슴에 송곳 하나 쯤은 품고 살잖아요,긍정
임호섭,2.5,"<아저씨>, <베이비 드라이버> 그 어딘가 쯤..
그래도 송새벽 연기는 죽인다.",중립
hong,1.5,크리스마스 교회 특송 시간보다 지루함,부정
김성근,3,본격적인 이야기가 시작되며 힘이 빠진다. 왜 항상 애들은 짜증나는 캐릭터일까.,긍정
부추만두,2.5,"베이비드라이버
레옹",중립
Jamongsoda,3,"일단 박소담 고양이 같아,
한현민 너무 좋아
_
탈북자 빨갱이… 음 이 코드는 뭘까요
심플하게 즐기기가 어려워…",긍정
김영규,3.5,탈북자는 다 북한 특수부대 출신인가? ㅋㅋ,긍정
안우전,3,"초반부는 화려한 추격전과 흥미로운 소재로 집중이 됐는데,
메인 사건 이후부터는 진부한 느낌이라서 그런지 이 영화만의 재미가 색다르게 느껴지지 않았다.",긍정
만만두,2.5,풀악셀만 밟기엔 사공이 많아서 무겁다,중립
gurenaru,3.5,전체적으로 <아저씨>가 떠오르는 내러티브인데 좀 산뜻한 버전이랄까. <아줌마>라고 했어도 납득할 뻔. 하지만 이런저런 레퍼런스 언급을 떠나 이 영화의 핵심인 액션 시퀀스가 매우 흡족스럽다. 장르적인 쾌감에 더해 신파는 이제 긍정적으로 재조명 받는 요소. 초반은 딱 붙는 맛이 덜해 걱정스러운 시작이었으나 예열이 끝나자 감상에도 불이 붙는다. 캐스팅은 무난. 아역마저 각자 자리에서 노련하게 해냈다.,긍정
Paul,3,"어..택시와..트랜스포터와..미쓰백(혹은 아저씨)의 혼종..?
사실 완성도가 높은 영화는 아닌데 기본은 했고 박소담 응원하는 맘으로 보면 봐진다=▽=..일단 경관의 피보다는 훨씬 나은 영화임(같은날 티빙에서 연달아봄. 이거보고 경관의 피 봤더니 특송이 내적 떡상하는 효과갘ㅋㅋㅋㅋㅋㅋ)",긍정
영화보는환이,,"생각보다 액션씬 부족
범죄 장르에 어울리긴 하나 부족한 부분이 있음.
박소담씨가 오마이걸 승희씨로 보였던 것만 느껴짐.",알 수 없음
이수,2,졸리더라구 나는…,부정
히연,3,운전이 멋잇고 애기가 귀여워요,긍정
현영호,2,재미있네,부정
EJH,1,뻔한 스토리 위에 매력없는 캐리터들만 즐비하니 지루하기만 할 뿐.,부정
씨앗,2,"모든걸 카체이싱에 갈아넣은 영화..
스토리에도 적절하게 분배해줬으면 좋았을텐데",부정
마자마자,3,"모든 감독이 그러하겠지만, 이 영화의 감독은 진짜 영화광이다..
그래서 본 영화 중에서 이것저것 다 부분적으로 카피 앤 페이스트만 잘했다... 근데 여기까지... 창의적인 것도 없고 한국영화의 단점을 그대로 답습했다...
그럼에도 아줌마역의 박소담이 머리채 잡고 끌고 가지 않았다면 끝까지 못 봤을지도 모르겠다...
젊은 여자 배우중에서 아줌마역을 누가 이렇게 할 수 있었을까 상상해보니 아무도 안 떠오른다... 박소담의 앞날이 기대가 많이 된다...
투병 중으로 알고 있는데 잘 치유하고 건강 관리 잘해서 더 좋은 영화에서 봤음 하는 마음이~~~

뱀발 : 장은하가 탈북민 출신이긴 하지만 혼자서 무쌍 찍는거는 납득하기 힘들다.  북한에 있을 때 특수훈련을 받았는다는 클리셰를 넣어줬어야 하지 않나 싶다.",긍정
김석원,2.5,카체이싱만 그냥 볼만했다,중립
서진,3,"무난한 킬링타임용 카체이싱 영화.
송새벽씨 안 나왔음 큰일 날 뻔 했다",긍정
잉어,2.5,"액션 과욕에 버림받은 감정의 개연성

(추가)
어떻게 산거지??",중립
Jin Wook Choi,3,"함께일때 더 빛나는 것
혼자일때도 제 몫 당당한 것
스치듯 지나도 남는 인연처럼
찰나의 순간을 가득메운 것

이 모든 것들을 모아
조화로움으로 표현하기에는 이도저도 아닌 개성에
적절한 포장조차 감당능력 없는 일단 해보자스러운 담아내기
그러나
색다른 시도, 상반되는 각 각 케릭터를 가진 출연진
장면에 맞는 무게감있는 사운드
그 외 영화의 분위기에 어울리는 여러 표현요소들은
벗어남 없는 꽤 훌륭한 결과임에 분명하다",긍정
최성현,2,뻔뻔하게 뻔한 여자 아저씨,부정
동하,2,뤽베송 짜집기,부정
비밀임다,2,그냥 택시타라,부정
이택범,3.5,딱 기대하는 만큼의 영화.,긍정
영화를보는눈,1.5,"<트랜스포터>를 봤다면, 이 영화는 보지말것!!",부정
이준서,2,식상하지만 보는 맛은 있는 액션오락.,부정
Stone Iron,4,소담은 내 맘을 싣고•••,긍정
요술공주람보,1.5,장과장님이 갑자기 원빈처럼 싸워요.,부정
강정두,2,"훌륭한 소재, 매력있는 배우들, 근데 뭘 보여주고 싶은거냐 -.-;",부정
JY,3,"사람을 너무 장난감처럼 쉽게 죽이며,
소재도 부족, 단조로운 차량 액션신 뿐..",긍정
해환,2,카체이싱을 좀 더 해보지,부정
서현,2,"한국판 건파우더 밀크셰이크+베이비 드라이버. 내용이 비슷한게 아니라 거의 똑같다. 왜 자꾸 트름해대는지 더럽다. 의외로 한현민 배우의 연기가 좋다. 박소담 배우의 액션 연기도 좋았다.
+ 난 역시 아이를 좋아하지 않는다.",부정
정동수,0.5,한국식 신파,부정
윤석영,3.5,"엄마 스페셜 딜리버리 보실래요?
---------------------------------------
(2회 차)

1. 📺 MBC에서 특선 영화로 해 줘서 보았다
(오늘이 정월대보름이라 해주건가 🤔)

2. 🎥 '범죄도시' 시리즈에 나왔던 배우 '허동원'님 나오시네
(🎥 '범죄도시'에서는 선한 👮로 나오는데 이 🎥에서는 악한 👮로 나오네)

3. '김서원' 역할 배우 '정현준'님 내 조카 '이지우' 닮았다

4. 다시 보니 볼 만하네

5. 끝에 🍪영상에서는 배우 '유승호'님(은) 왜 냐온 겨?

2024. 2.24 (토요일에 봄)",긍정
워뉸재,2.5,"박소담의 액션연기 캐리와
주위에서 볼 수 있는 차량의 카체이싱이
쌓아올린 몰입도를 깨부시는
아역의 캐릭터 설정 미스",중립
Quartz,3,"NO GUTS, NO GLORY",긍정
브라운,2.5,제발 우리나라 영화에선 애만 빼도 반절이상은 성공할텐데,중립
이규철,4,"기대 하나도 안했는데
개쩌네!!!!
서원이랑 비슷한 또래 애를 키우는 아빠로서
그냥 저런 애들은 감싸줘야지!!암!!!!",긍정
수지,2.5,"아빠가 보자고 해서 봤음
재미 없을 줄 알았는데 은근 스릴있고 재밌음
박소담 연기 최고임",중립
박인동,2.5,특히 기억에 남는 송새벽이라 영화 제목이 특송인 건가 싶기도 하고,중립
따비,3,"아역의 연기, 짧은 액션, 증거없이 진행되는 수사들 등이 개인적으로 아쉽다

보기전 상상했던 것과는 꽤나 다른 영화",긍정
Syangun,2,많이 짜증나네,부정
Keep,1.5,"동전 자동분류기마냥
영화를 보면서 실시간으로
이건 저영화
저건 이영화
착착 분류되는 양심 팔아먹은 열화복사판 영화",부정
마한음,3,자동차 액션 정말 멋잇엇다!!,긍정
SON,1,액션을 찍는 역량은 엄청 올라갔는데 스토리의 끈끈함은 제자리네,부정
노혁재,2.5,스포일러가 포함되어 내용을 생략했습니다.,중립
Ha_bin.,2,"온갖 답답한 클리셰는 다 가져다왔다.
애도 답답하고 경찰도 답답하고
주인공의 행동에 의미도 없고 개연성도 없고,
결말도 연계가 안되고.
그냥 오락성 킬링타임 장르에(카액션 아니다)
박소담 나왔다는거 하나?
하지만 그마저도 기대 이하였다.
-
베이비 드라이버의 다운다운다운그레이드 버전.
근데 그것도 엉망이던데?",부정
dayeon,2,무적이네..,부정
공포아님안봄,2.5,한국판 베이비 드라이버였으면 차라리 나을뻔했는데... 왠 어설픈 아저씨가... ㅠㅠ 그저 박소담때문에 이 점수라도 드림..,중립
JH,1.5,영화제목 : 아줌마,부정
뿜뿜,3.5,카액션보다 드라마가 길어서 조금 아쉽지만 그래도 즐거웠다.,긍정
Anna,4.5,으리!!!,긍정
네이버 영화,4,7.77,긍정
마루치,2,"< 특송 >
2020

여러분의 시간은 소중하기에 ..

별점수는 ★★

자동차 추격신(카 체이싱)은 .. 발전은 했다마는
< 분노의 질주 >에 맞춰진 사람들 성에 차기엔 멀었고

박소담, 송새벽을 제외하면 ( 김의성 배우 논외 )
연기를 연기답게 하는 배우가 없는데다
배우지망생들까지 더해지면 ..

그걸 '오케이'하고 편집을 해야했던
연출부의 속사정까지 들어줄 여유는 없다.

#특송 #박소담 #송새벽",부정
후루둥,2.5,"팝콘 영화치고 속도감이 아쉽다.
자동차, 액션 이도저도 아니네.",중립
겨ㅕㅕㅕㄹ,1.5,"📆 2022.02.25
🎟 웨이브",부정
이순준,2.5,오 촬영조명 좋당 끝,중립
지구별여행자,2,"건질건 카체이싱 정도?
수많은 클리셰들과 한정적인 캐릭터 소비는 여전히 아쉽다.",부정
새벽세시반,1.5,"잘하는거 3에
못하는거 7을

왜 그러는지
모르겠어.

잘하는거를 7하라고..",부정
형섭,2.5,한 번 보기엔 나쁘지 않음,중립
골드문트,3.5,"영화 [특송(Special Delivery)]
​
- 스트리밍 서비스로 볼까 말까 고민하는 분들에게 바치는 감상문 -
​
한 줄 평 : 레옹+아저씨+택시 ★★★☆ (별 다섯 개 만점이라 치고)
​​
몇 줄 평 : 어디서 본 듯한 영화들의 조합이지만, 박소담이라는 존재 하나로 차별화에 성공했다.
​
어지간한 관객들 모두가 예상한 대로 흘러가는 뻔 한 내용이지만, 꽤 노력한 흔적이 보이는 박소담 배우의 액션과 열연은 박수받기에 충분해 보인다.
​
송새벽 배우의 악역 연기 또한 일품이었고, 김의성 배우는.... 아 그만 좀 착하게 나와요! 어색하잖아!
​
그리고 무엇보다 잘 계산된 자동차 액션에는 점수를 주지 않을 수가 없는데, 기술적으로 많이 발전한 한국 영화의 위상을 보는 것 같아 뿌듯했다고나 할까.
​
단, 갑작스레 180도 변해버리는 박소담의 감정선은 좀 어색했는데, 배우의 문제라기보다 시나리오의 문제가 아닐까 싶다.
​
어쨌든 킬링타임용 오락영화로는 합격점.
​
이런 장르를 좋아하는 관객에게는 추천.
​
사족(蛇足)
속편이 나온다면 볼 의향 있음.
​
#특송 #SpecialDelivery #박소담 #김의성 #송새벽 #정현준",긍정
쏘울핑거,2,재미까지 저 멀리 특송 보내다.,부정
낭만중,3,"감독님..
제목을 '아줌마'로 지어주셨어야죠!",긍정
이진구,3,"살짝 뻔한 스토리이지만
나름 준수하게 뽑아준 느낌이다.
엔딩은 살짝 맘에 안든다.",긍정
915,2.5,운전대를 잡은 박소담의 모습 설렜다.,중립
메멘토,3,"차량액션은 살발하게 화려하고 배우들 연기도 상당하지만..
디테일은 잔인함으로, 언더커버는 투캅스로, 이유없이 목숨바쳐 지켜야하는게 과연 무엇이었는지.. 시나리오의 개연성이 아쉬웠다.",긍정
Kim Se Hyun,2,"나름 개똥같은 한국영화는 잘 거른다고 자부하는 편인데 어느 영화 인기유튜버가 화제의 영화라며 미리보기 초반자동차씬 깔아놓으며 엄청 재밌을것처럼 잔뜩 이빨까게 만들어서 거기에 속아
내 귀중한돈-시간 낭비한 영화. 그냥 그 10분이 다였다. 영업잘하데.. 그치.. 요새는 그딴식으로 장사,홍보,사기쳐야지.. 특송이라는 개구린 제목에서부터 의구심이 들었지만 왠지 저런 역활,캐릭터에 잘어울릴것 같은 박소담 캐릭터에 게리올드만 짝퉁이지만 k버전 송새벽이 그래도 잘살리지 않을까 살짝 기대해버렸지뭐야.. 진짜 연출연기스토리대사 개노잼 개허접 개싼티..",부정
EUCALY,2,은하야 미안해 냉정해져서,부정
서요,3,고리타분한 편견이 살짝 묻어있는 영화,긍정
kh3,1.5,여기저기서 끌어다가 갖다붙이면 뭐가 되나,부정
SSO,2.5,"분명 새로운 영화 한편을 온전히 다봤는데,  옛 영화들만 생각이 나는건지..",중립
정색한 뷘터씨,2,글로리아 트랜스포터 레옹 베이비드라이버 드라이브 익스트렉션 아저씨 의형제를 합친 힘숨찐물.,부정
여채경,3,"네러티브도 심플, 카체이싱 액션도 심플한 덕에 속시원!",긍정
사탕,2,"베이비드라이버 한번 더 보세요

영화시작  10분 그리고 송새벽 말고는

모든게 엉망임",부정
eu prattein,2,"전체적으로 많이 아쉽다
베이비 드라이버와 여자판 레옹이 생각나는 설정이지만
리드미컬함도 떨어지고
액션도 어딘가 어설프다
그나마 카체이싱은 괜찮았다
캐릭터들이 다소 1차원적이고
스토리의 핍진성도 많이 떨어진다
그래서 그런지 박소담의 연기도 어딘가 좀 많이 아쉬움이 든다 아직 원톱으로 끌어가기엔 좀 부족함이 보였다
다만 조연 배우들의 연기는 나름 중심을 잡고 내공이 보여서 좋았다",부정
산딸기,2,카체이싱은 좋은데 그 외의 것들이 너무 성의없음.,부정
one,2.5,내가 애인할래,중립
sola,2,여자버전 아저씨,부정
Yun,2.5,볼만하긴 한데 다 어디서 본거 같은 장면들...,중립
나프탈란자,3.5,"(익숙하되) 잘 빚은 솜씨.
소위 한국형 ~~에 가장 잘 부합하는 오락영화로선 본분에 충실하다.",긍정
김희정,1.5,"액션영화라고 해서 액션만 들어가면 안되는걸 절실히 알게 해준 영화.
실망스러운 스토리,  결말 그리고 한국영화 특유의 신파까지 매우 실망스러웠다.",부정
주인,3.5,킬링타임용으로 재밌음,긍정
문성진,3,아는 잘못이 없다~ 아는~,긍정
메이스1,3,주변 인물들에 대한 매력적인 묘사가 있었으면. 그래도 시간은 잘 가는 액션.,긍정
조조는나의힘,1,베이비  드라이브나 트랜스 포터를 기대한 관객들에게 아토믹 브론드를 보여주는 반전 영화.,부정
빠삐뿌뻬뽀,3.5,초반부 너무 멋있어서 두번은 돌려본 듯,긍정
황응구,2,"요즘 한국 미디어는 어떻게든 피 뒤지게 흘리면 무조건흥행하고 여성이 쿨하고 시니컬하게 나오면 거기에 사람들이 무조건 열광할거라고 생각하나보다
초반에 나오는 상쾌한 드라이브씬에 별 두개 줌",부정
재현,2.5,초반부를 보며 시원한 사이다를 주는 줄 알았는데 아이가 고구마를 계속 먹임 영화가 끝나도 목마름이 해소가 안됨,중립
Tai Woo  Jung,3.5,"송새벽
송새벽
송새벽",긍정
소영,2.5,"기어 변속 멋지다ㅋㅋ
그것 말곤 딱히..?",중립
dltcmal,2,"자동차 추격장면에 지나가는사람 하나없음

관객의 눈높이는 높아져만 가는데
영화만드는사람들의 레퍼런스 업데이트가 안되네

220212",부정
불휘불휘깊은나무,3,박소담 액션도 되네...,긍정
상상,3,기대했는데 뭔가 툭툭 끊기는 듯한 전개. 그래도 액션은 시원시원하고 만족스러웠다!,긍정
송인욱,2.5,"아저씨는 애를 찾으러 다녔고
아줌마는 애들 달고 다닌다.",중립
영화 중년,2.5,20220212 믿보배 송새벽,중립
CGV,1.5,차라리 주구장창 운전만 했더라면,부정
김샥샥,2.5,"그저 시원하게 즐기라고 깔아둔 판이기엔, '물류-이주-젠더'라는 근래 주목받는 화두에서 비롯된 발상이 너무 아깝다.",중립
영탁구,2.5,"후반으로 갈수록 총체적 난국🤭
그 중에서도 특히 한현민 포함 아역 연기가 너무 심한 수준인데, 이걸 시간내서 보고 있어야 하나 싶음",중립
가승현,2,어설픈 분노의 레옹의 질주,부정
감자,2.5,원빈의 아저씨 시대교체 박소담의 아줌마...?,중립
흐시,2.5,2.5,중립
한승태,3,푸드코트 그 메뉴..,긍정
평론가 평점,3,"이은선★★★
빠르고 거침없이, 그러나 브레이크가 걸리는

정시우★★★
후진도 있지만, 그래도 잘 달린다

김현수★★★
배달의 민족 자존심을 건 미션

박평식★★☆
베스트 드라이버, 워스트 로드웨이

김혜리★★★☆
액션, 카체이스, 캐릭터의 합. 약속한 즐거움을 확실히 배송한다",긍정
Pyroz,3,갈라져,긍정
Sanghyeok Lee,3,3까지는 아닌데 2.5보다는 낫고 뭐 그정도,긍정
박지상,1,"특별배송 시켜놓았더니 Docter who도 아니고 Screwdriver 모든 걸 해결하다니, 그래 T.A.R.D.I.S 떠나버려.",부정
ChulE,3,2022.2.10,긍정
Keonhyung Kim,3,"기대가 아예 없는 수준이었는데 꽤 잘빠진 오락영화
카체이싱도 나쁘지 않고 익숙하고 지루한 스토리에 활력을 불어넣은 액션도 충분",긍정
EK,1.5,"영화 내 윤리의 문제들을 무시함으로써, 시작부터가 꼬였다.",부정
김영욱,2,송새벽이 잘하긴 해,부정
이고,2,나름 신선했지만 역시나 감정씬은 공감되지 않는다. 갑작스런 정의의 사도...,부정
astray,2.5,"영상 색감이나 촬영 장소들, 액션 스턴트 CG나 배우 연기들, 자잘한 개그까지도 다 좋은데 이것들을 이어주는 스토리 전개 과정이 지루해서 몰입하기가 어려움. 베이비 드라이버나 드라이브 처럼 단순한 내용으로 밀고 나갈거라면 스타일리쉬 음악 사이코패스 편집증 개심하는 빌런 같은 극단적인 강한 개성들을 집중하기 쉽게 보여줬으면 하는데 재미에 발동이 걸리면 금새 맥빠지는 흐름만 반복하다 끝난 느낌이라 아쉬움.",중립
Hoo,3,운전 잘하는 아줌마의 모성애..?,긍정
MS,2,아저씨를 따라하던지 베이비드라이버를 따라하던지 어차피 따라하는거 하나만 제대로 따라하자,부정
Ilk,1,답답한 배송,부정
philleeo,4,"바리깡 대신 드라이버를 든, 오늘만 사는 아줌마의 탄생",긍정
정덤보,2.5,그나마 번뜩이는 성별의 전복도 한준희 감독의 <차이나타운>에 미치지 못하고.,중립
Park Dae-won,1.5,"카체스만 보여줬다면 그래도 조금은 괜찮다고 얘기해줄텐데 난데없이 이건 뭐 완전체도 아니고 마녀같은 액션 격투신을 보여주면서 모든게 망가지고 말았다.

그런데 , 아이를 이 어른판에 끼워 놓는건 아니지.",부정
마니아#,2,송새벽말고는 눈에들어오는케릭터가없다,부정
RagingBull,2.5,트랜스포터 박소담 편,중립
Actinium,2,"좋은 배우들로 영화를 자꾸 쉽게 만든다.
다 날아가고 조악한 싼 티가 난다.",부정
Ryu JY,2,"왜 이런 장르에선 항상 애는 상황파악을 못하고
발암으로 가는건지 이것저것 섞어대고
시원~~하게 말아 먹는 느낌",부정
레이천복,1.5,김의성땜에 작업 별점인줄 알았는데 정말 노잼이었다.,부정
홍정표,3.5,"박소담과 정현준의 사랑스런 케미, 거기에 격한 액션과 드라이빙 한 스푼씩.",긍정
문대민,2,22.02.07,부정
저질평론가,2,"괜찮은 부분을 꼽으라면 너무 어렵고,
안될만한 이유를 찾으라면 너무많은..",부정
Black Pig,2,"기대가 없으면 실망이 없어요. 우리가 영화관에 가서 영화를 보고 실망하고 분노하는 건 기대했기 때문이죠. 한국영화에 기대하지 마세요. 그러면 오히려 재밌게 볼 수 있습니다.

특히 배우 누가 나왔다고 할 때 가장 조심해야 합니다. 한국영화는 배우 한두명이 뒤집을 수 없어요. 오히려 배우의 이름값이 높다? 실망할 준비를 하고 들어가십시오. 감독과 투자자들은 관객들이 명배우에 흔들린다는 걸 너무나도 잘 압니다. 그래서 작품 자체의 질이 떨어질수록 명배우 하나에 명품조연 한둘 정도를 미끼로 씁니다.

물론 간간히 터지는 작품도 있습니다. 그걸 구분하려면 신인감독이 아닌 기성감독은 전작들을 보면 됩니다. 전작의 퀄리티가 후작의 퀄리티를 보증합니다.

우리가 무지에 기대감을 품는 건 신인감독이면 충분해요.

예고편을 보고 거르는 방법도 있습니다.
진짜는 보통 광고에 힘을 주지 않아요. 입소문이 터지면 영화 좋아하는 관객들이 제 발로 올 걸 아니까. 그런데 예고편에서 과하다 싶게 보여주는 액션이 많다? 그게 전부일 가능성이 큽니다.  그래야 떡밥들에 홀려 물리는 관객들이 많아지거든요. 짭들은 현란하게 광고하는 걸 좋아합니다.

반면 진짜는 많이 보여주고 싶어하지 않습니다. 최소한의 정보로 최대한 차단을 하여 관객들이 온전히 즐기게 만들어주고 싶으니까. 그래서 오히려 관객들이 스포하지 말아주길 바라죠.",부정
김인수,2.5,"아줌마!!
아저씨같은건가..
운전씬은 초반에 다나온듯",중립
orangesong,3.5,"오락영화로써 임무를 충실히
개인적으로 엔딩은 정말 흔해빠진거 섞어 만든 엔딩같아서 너무 별루
그 외 액션 좋고 볼만했다",긍정
왕밤빵,2,"MZ세대가 이런 거 처음 봐야 신선할
재탕 삼탕 사탕 탕탕탕",부정
돌발사태,0.5,"표정을 읽을수 없는 연기
ㅡ
난잡한 기술의 카 체이싱
ㅡ
국어책 읽는듯한 멘트
ㅡ
사랑 싸움하는 듯 한 액션",부정
PPAPPER,2.5,마켓팅 포인트를 배송으로 잡았으면 카체이스에 더 할애를 하셨어야죠...,중립
hongveler,2.5,"드라이버의 마음만은 특송, 떨어지는 신선도

보여주고 싶었겠지만 무리수도 아니고 너무 평범했다. 오프닝에서 보여준 좁은도심의 카체이싱의 열기는 갈수록 옅어지고, 역시나 뻔한 전개로 이어진다. 소년과의 유대감 형성도, 그녀를 도와줄듯한 회사와 국정원 요원도 모든게 배송완료만을 위해 급작스레 끌어당긴듯한 느낌이 강하다.

배우 송새벽의 악역은 거의 처음보는듯한데 가장 기억에 남을 캐릭터였고 그 외에는 글쎄.  이제 한국영화에서 어줍잖은 유대와 액션, 권선징악을 말하고 싶다면 다른 구성을 취해야 하지 않을까.
.",중립
최정아,2,"아는 플롯
미스 캐스팅
박소담이 연기를 펼치기엔 좁은 공간",부정
이종재,3,슝 슝 유우우우우우웅,긍정
Vonchio,1.5,"오토바이 특송 액숀 #뱅퀴시 보며 느낀 그지같은 느낌이 박소담 때문에 살짝 사라지다가 꼬맹이의 되도않는 연기에 백배는 가중된 느낌.

☞☞☞ ★★☆
카체이싱으로 모든걸 말하자면 그냥 F1을 보던지 WRC를 보지 왜 영화를 보냐???",부정
NaCl,2.5,애 나올 때 부터... 좀 싸한 느낌이... 예상대로 역시... 음...,중립
석진우,3,애가빌런...,긍정
offcentered,2,감독님이 드라이브와 레옹을 감명깊게 보셨구나,부정
쏘라,3.5,"나쁘지 않았음
적당히 긴장, 스릴 + 있음",긍정
JongBum718,2.5,스타일리쉬한 연출과 박소담 배우와 송새벽 배우의 열연이 찰떡궁합을 이룸에도 불구하고 주변 인물들이 일회성 도구처럼 쉽게 쓰여진다는 점이 아쉽다.,중립
키미태,3.5,스포일러가 포함되어 내용을 생략했습니다.,긍정
레빗구미,2.5,트랜스포터 한국판. 후반부 카체이싱이 없어 아쉽다.,중립
정윤지,2.5,거 트름좀 그만 합시다,중립
김성현,2.5,"베이비 드라이버 + 맨온파이어
???????????????????????????",중립
Taejun Um,3.5,"06.02.2022
Seah",긍정
하얀너구리,2,혹시나 했지만 역시나. 새해에도 한국 상업 영화는 유감의 연속.,부정
꾸러기맨,2,"비리경찰 깡패 국정원 외국인노동자 탈북자 등, 죄다 끌어모아 미명만 가져다 쓰기 바쁜 클리셰 덩어리. 캐릭터 스토리 컨텍스트 액션 게다가 음악컨셉까지 뭐하나 우라까이 아닌 것이 없다.",부정
JP,1,쿠팡맨 >>>>>>>특송,부정
토니,2,"그래도 김고은 보다는 나은 박소담, 나름 선방했으나 여기저기 캐릭터 가져와서 살짝 애매한 송새벽. 둘에게 별 하나씩.",부정
김정식,1,베이비드라이버고뭐고 그냥 재미가없다 개연성도없고,부정
박석호,2,'기생'에 '충'만함.,부정
Tae-Yeong Kim,3,레옹 보는 줄,긍정
gentiana,3,"그 시절 아저씨보다도 촌스런 아줌마...
그치만 박소담은 최고",긍정
ParkDrama,3,아쉽구먼,긍정
Edwood,2,뻔한 꼬마와 주인공 도주극. 카체이스라도 많이 나오지,부정
우대희,2,"카체이싱 장면은 볼만한데 (예고편에서의 이 부분  때문에 기대감이 있었는데 생각보다 카체이싱 장면은 많지 않았다. 결말 부분에서 뭔가 더 멋진 장면이 나올거라 생각했는데…) 다른 액션신들은 전혀 속도감이 느껴지지 않고 대사들도 현장감이 없이 따로 튀는 느낌..(극장에서는 어땠을지 모르겠음)

개인적으로 몸을 쓰는 액션보다는 제목 답게 카체이싱 장면 위주의 영화로 만들었으면
더 좋지 않았을까 하는 아쉬움이",부정
SeongMoLee,2,스포일러가 포함되어 내용을 생략했습니다.,부정
말콤X,2,한국판 택시?트랜스포터?,부정
JHKim,1.5,한국에는 과속방지턱이 너무 많다…,부정
경솔한 속삭임,1,봤다.,부정
위도현,1.5,카체이싱은 좋았다.,부정
류중록,2.5,박소담이 아깝다.,중립
용표,2,'레옹'을 욕먹인 영화,부정
이현만,0.5,이걸 찍어서 개봉관에 건 세일 능력에 박수...012,부정
SeungHoon Cho,1,M5로 용썼다.,부정
Mauve,1.5,2022/2/4 pc,부정
88,3,3~3.5,긍정
붉은대륙,2.5,인상 깊은 카액션의 부재,중립
잔인한詩,0.5,"공산당 배우가  나오는 영화다
***
할 수 있는 걸 해라
한국 영화제작비에
분노의 질주급을 만들 순 없다
천재가 아니고선..
천재가 아니니 관둬라..",부정
한길,2,배우의 국적을 제외하면 새로울 것 없는 차용.,부정
여덟,2.5,다른건 다 그렇다쳐도 음악연출이 너무 아쉽다.,중립
운지,,박소담 여기에선 꼴릴까,알 수 없음
전성현,2.5,"달려야 할 때 멈추고, 멈춰야 할 때 달린다",중립
장다울,2,스포일러가 포함되어 내용을 생략했습니다.,부정
태권,1,추격전과 신파의 용두사미,부정
youn,2,"보는 내내 넘 답답
저 상황에서 왜저러는지 이해불가
남는건 주인공들의 연기와 자동차 액션씬",부정
소리솔🐢,0.5,"흠 노잼..

왜 항상 깡패에 폭력에 피가 범벅일까

잔인하고 자극적이기만 할 뿐 그 뿐",부정
박준혁,1.5,스포일러가 포함되어 내용을 생략했습니다.,부정
mag,2.5,웅장했던 가슴이 옹졸해진다....,중립
조한성,0.5,스포일러가 포함되어 내용을 생략했습니다.,부정
변종연,2.5,그냥저냥 보기 좋다. 그냥 저냥 해. 음악감독은 멋져,중립
허용준,1.5,특가 아니면 안봄,부정
이 동건,2.5,가볍게 볼만 한데 트름은 안 했으면 좋겠다.,중립
이혜리,3,2022.01.23.스타필드위례cgv,긍정
카프리콘,2,"주인공의 분투에 눈길은 가지만
홀로된 아이와 악질 경찰의 관습은 언제까지 이어질 것인가.",부정
bright817,2.5,예고편 사기...,중립
.👍,1.5,진짜 참…,부정
가장 나다운 생각,3,차 액션이 멋있으나 내용은 용두사미,긍정
박현욱,1.5,2022년 1월 22일 토요일,부정
댕청미,1.5,베이비 드라이버 다운그레이드인데 이제 민폐 어린애 캐릭터를 곁들인,부정
팅키,2,특클리셰,부정
칠보,2,"여성이 주인공인 영화라 응원하고 싶지만 곳곳에 허술한 플롯이 거슬린다
성의 좀 들여 찍어라 이것들아",부정
영화로,2.5,캐릭터 구축 실패와 쿨함이 부족한게 아쉽다.,중립
김윤회,2,연기잘하는 애였어도 3-4점인데.. 애는 책만 읽고있고 그냥 애 하나 때문에 영화퀄리티가 엄청 낮아짐. 차라리 걍 빼고 박소담위주로 가지,부정
이지헌,1.5,결말은 날림공사하셨네요,부정
panicmaker,1,표정과 음향과 음악만으로 속도를 내려니 빨라질 수가 있나,부정
Nn,1.5,"...내가 뭘본거지ㅎ..
각종 인종(?)차별과 특정집단에 대한 차별을 내뱉고선
나중에 으ㅡㅡㅡ릐!! 우린 깐부쟈나! 하며 감싸주면
차별발언이 없던게 되나
찐한국인 현민아 이 역할 꼭 했어야 했냐..
아누팜을 알게된 이후로 이런 역할을 보는 시선이 달라졌다
특히나 현민이같은 경우는, 음..
굳이 이 역할을 하필 현민이한테 맡겨야 했는지 더 이해가 안감

송새벽님 연기 잘한다는 칭찬 댓글을 봤는데
나는 계속 보면서 뭔가 캐릭터성이 오정세님하고 겹쳐보였다
이런류의 역할을 물론 찰떡같이 잘 해내는 것도 있지만 쭉 이런식의 연기를 하는 것 같이 느껴졌음

여튼 영화보면서 내내 모든 장면에서 와.. 내가 뭘보고 있는거지? 하는 생각밖에 안남

내 기억에선 고영희(고양이)님이 제일 인상깊고 연기잘하고 좋았던 장면.

아 아역은 개인적으로 외모가 우리 조카닮아서 좀 많이 귀여웠음
기생충의 다송인거 보고 좀 놀랐다 ㅋㅋ

근데 요즘 보는거마다 아역 캐릭터가 왜이렇게 뒷골땡기는 작품밖에 없냐 하
덴마크드라마 레인, 스위트 투스, 로크앤키, 특송까지..
제발 미운나이애기들아 하지말라면 좀 하지말고 나대지 말라면 좀 나대지 말아줘라.. 보다가 혈압올라서 돌아가시겠다",부정
진형태,2.5,뻔한 레퍼토리에서 빛났던건 악당 아저씨뿐,중립
죠온윅,3.5,"첨에 페달 밟으면서 음악 때려부을때 예감 꽤 좋았는데,,,  아무래도 중후반부 로드트립의 늘어짐 때문에 아쉽다. 나쁜놈들도 너무 전형적으로 별 매력없이 잔인하기만 한 한국영화 조폭들이라 아쉬웠고;; 갠적으로 브금 때려부은 카액션 영화들 중 베이비 드라이버는 별로 안좋아해서 이왕 수위도 높을거 아토믹블론드로 갔으면 어땠을까 싶긴 했음. 그래도 카액션 좋아하는 입장에서 시원시원하고 좋았다 박소담 배우 인상 때문인지 뭔가 실제로도 운전 개잘할것 같음",긍정
밀즈,2,"카체이싱과 송새벽, 박소담 정말 좋지만 그 외에는 애-매

+ 마지막 액션신 브금 너무 안 어울리네요",부정
mangrove,1,배우의 재량이 배가 되어지는 영화엔 두종류가 있는 것 같다. 영화 또한 그에 준하거나 혹은 그 반대 정도 이거나,부정
조신익,2,잠깐잠깐 눈이 즐겁긴 하지만,부정
잔지나🧸,2,송새벽씨 연기...음...,부정
Laffi,2,시나리오도 연출도 다 아숩... 남는건 새벽님,부정
썽망,2,내가 요즘 너무 까탈스러워졌나 한국 영화를 못 보는 깨시민 병에 걸렸나 했는데 아니었군 감사합니다..,부정
Guano_ape,2.5,배달사고가 난 이후부터는 특송이라는 소재가 희미해지면서 극의 긴장감도 함께 희미해져만 간다.,중립
마뮤렌2,3,특송 이름값을 하기 위해 초반에 나오는 배달 카체이싱은 꽤 공들여 찍은 기분이다. 영화 베이비 드라이버 한국판 쯤 될려나 했는데 차만 몰기로는 2시간 채우기가 힘드니 타격감 있는 액션도 곁들여준다.,긍정
싱요미,2.5,어디서 많이 본 그것.,중립
민준원,2,"파스타 집에 왔는데 파스타는 아쉽고 돈까스가 가장 맛난 느낌의 영화
카 체이싱이 메인인듯 하지만 액션이 볼만한 미묘한 구성과 다소 안어울리는 배역이 아쉽다",부정
김건오,2.5,액션만큼은.,중립
민퉤,2.5,카체이싱속 아이의 징징거림,중립
쇼니,3.5,"개인적으로 트림 소리를 싫어해서 그 부분은 좀 거슬렸고, 이런 부류의 영화는 항상 이런 레파토리긴 하지만
그 연기를 박소담이 했다는 점
그리고 매우 잘 소화해준 부분에 있어서
나는 개인적으로 재밌게 봤다.
좋은 킬링타임이 되어준 특송",긍정
웃음이하루,2.5,"22. 1. 15.
뻔한 형식에 구성마저 다른 영화들과 차이가 없다.",중립
밤빵이,2,아이 하나 때문에 이렇게까지...? 굳이...?,부정
토라,3,다음 주 특송은 박소담 자매입니다^^,긍정
원영훈,,지금까지 왓챠 어플쓰면서 예상평점 1점 이하는 처음보네 ㅋㅋㅋㅋ,알 수 없음
전진호,2,"소재 음악 스토리 연출 모두가 따로노는 영화
박소담 외모와 송새벽 연기만 남았다",부정
luckyhyh,2,"국내에서 접하기 어려웠던 여성 원톱 카레이싱 범죄 액션영화 장르의 영화로,

'박소담'이 보여주는 현란한 카레이싱과 처절한 맨몸액션이 재미를 선사해 주는 영화다.

여기에 어눌한 말투뒤에 숨어 있는 광기어린 빌런 캐릭터를 소화한 '송새벽'의 열연도 추천할 만한 포인트다.

하지만 카레이싱 액션이 보여줘야 할 속도감과 박진감, 맨몸액션이 보여줘야 할 타격감이 부족하고,

클리셰 가득한 설정과 식상한 전개로 긴장감을 유지하기가 어렵게 만들고,

몰입감을 방해하는 일부 캐릭터의 설정은 영화의 큰 단점들이다.",부정
기력,1,어디 거 베껴와선 왜 자꾸 신선하다고 그러지?,부정
정현우,3.5,"스릴있지만 단기적 재미로만 가득한 팝콘무비
작품성은 제치고 오락성으로 과속주행한다.",긍정
꾸에엑,3,"은하야 너는 그냥 네 갈 길을 가는게 속 편하지 않겠니, 라는 말이 계속 차오른다. 굳이… 응? ㅇㅅㅇ)r’
카체이싱은 진짜 재밌게 찍었다. 지형지물을 기가 막히게 이용하고 슬로우를 걸었다 빨리했다 속도를 조절하면서 긴박감을 만든다. 초반 골목길 시퀀스만으로도 늦은 시간에 영화관 찾은 보람이 있었음.
박소담 배우의 머리색을 보아하니 한창 삼시세끼 산촌편 찍을 때인 것 같은데, 저렇게 액션 열심히 찍고 산촌 와서 밥 열심히 먹고 갔나 싶어 그저 귀여움 ㅎ",긍정
박상욱,3.5,카리스마 넘치는 드라이빙 액션 굳b,긍정
와니,3.5,헐리웃 영화들과 비교하면 아직 많이 부족해 보이는 건 사실이지만 한국에서도 카체이싱 영화가 더 많이 제작되길 바라며.. 고생했을 감독과 스텝들의 노고에 박수를 보내고 싶다.,긍정
아스,3.5,애비 닮아 싹수가 노란 애새끼를 굳이 구해야하나 싶고.. 군데군데 연출이나 전개가 얼레벌레한 부분이 없었던건 아닌데.. 일단 카체이싱의 스릴이나 액션의 재미 부분에서는 목표를 달성했고 다양한 변방의 구성원들로 채워넣은 캐릭터도 나쁘지 않다. 박소담 배우 얼른 건강 회복하길 바라고 나중에 멋진 액션 영화 더 찍어줬으면..!,긍정
R.,3,"""잘짜여진 카체이스와 더불어 몰입에 방해되지 않는선에서 깔끔하게 달리는 과격한 액션""",긍정
소나무파,,같은 가격내고 듄 보기 vs 특송보기,알 수 없음
jynnie,3,"전체적인 스타일은 드라이브와
베이비 드라이버가 연상되고,
악역은 레옹이 연상된다.

장단이 확연히 들어나는 영화지만
킬링타임 오락영화로써 그 장점을 과감하게 밀어붙였기에 볼만했다.",긍정
윤현식,3,"<롯데시네마 인덕원>
왜 경찰은 늦게 오는가???",긍정
Gatto,,이쯤되면 한국영화계가 우리 이번엔 뭐뭐 베꼈게? 하고 퀴즈내는수준임,알 수 없음
peru,2.5,불가능한 재기를 실현시키는 영화를 볼 때마다 '이번 한번만 넘어가준다' 생각하고 계속 넘어가는 나,중립
에체스,3,익숙한 이야기지만 매력적인 주인공에 대한 반가움이 더 크게 다가오는 오락영화,긍정
beboho,3,"영화 초반
빠른 속도의 레이싱 느낌은 아니지만
나름의 기교를 보여주는 드라이빙

하지만 뒤로 갈수록 아쉬운 개연성과 액션

박소담의 외모와 연기력
정현준의 귀여움과 연기력
은 아주 볼만 했다.

김의성도 연기파 배우의 모습을 그대로 보여주었지만
드라마 '모범택시' 속 파랑새 재단의 장성철 대표 캐릭터가 계속 오버랩되었다.

송새벽의 평소 캐릭터로 보아
악역에 대한 의구심이 들었는데
표정부터 액션까지 정말 완벽했고
송새벽이라서 할 수 있는 깐족스럽고 얄미운 악역이 완성되었다.",긍정
쥬쥬,3.5,"꽤 재밌어요 진짜야 진짜라니까
내가 박소담 사랑해서가 아니고
진짜 찐으로 좀 귀엽고 정의롭고 신나고 긴박감 있다니까?",긍정
film__archive__,3.5,카체이싱으로 덮으려해도 구멍 뚫린 개연성은 안 덮어진다. 그래도 나름 모범적인 아류작,긍정
fusidic,3,스포일러가 포함되어 내용을 생략했습니다.,긍정
변현석,3.5,"초반 도입부에서는 몰입감을 느끼게하는 레이싱과 bgm의 시너지로 K판 '베이비드라이버'를 연상시켰다. 이야기가 전개되면서 신파적요소가 더해지는데, 차라리 액션에 더 치중했더라면이라는 아쉬움이 든다.
영화 초반의 임팩트는 강렬했다.",긍정
김현도,4.5,스포일러가 포함되어 내용을 생략했습니다.,긍정
예매완료,3,"요즘 한국상업영화는 거의 모든 지점에서
적당한 선의 언저리만 맴도는 것 같다.
못 나지도, 그렇다고 딱히 예쁘지도 않은..",긍정
bachgram,2.5,생각보다 나쁘지 않았다. 적절한 긴장과 재미도 있고 잘나가는 한국 영화산업에 비해 여러 아쉬운 점들이 있는것은 사실이지만 적절한 재미는 보장해준다. 송새벽의 연기는 레옹의 게리올드만을 떠올리게 해주지만 좀 더 강렬했으면 하는 갈증도 느끼게 해준다.,중립
명준고,2.5,"특송에서 다송이로..
스토리, 연출, 음악, 편집 어느 하나도 눈에 뛰지 않았다. 이 정도는 예산만 있으면 영화를 좋아하는 누구나 만들 수 있다. 소모적인 캐릭터들, 캐릭터간에 갈등을 더 타이트하게 빚어낼 수 있는데도 사용하지 않은건 귀찮아서인가
.
반도의 구교환을 보는 듯한 송새벽의 자연스러운 연기. 목소리 톤이나 뿜어내는 느낌이 너무너무 매력적.
박소담이라는 배우는 좋지만, 은하라는 캐릭터의 감정과 행동이 너무 가벼운 탓에 아쉬움.",중립
지니,3.5,"뻔한데 뻔하지 않았음

외국에서만  봐왔던 카체이싱 씬보다 우리나라 골목들을 이용한 씬이 굉장히 재밌게 와닿았음..더 대단하게 느껴지고 스릴있고..

이 모든 역할을 박소담 배우님이 해냈다는것도 매력 포인트. 너무 잘어울리고 멋졌음.

단순히 뻔한 악역vs적당한 선역이라고 치부하기엔 악역의 포인트도 나쁘지 않았다. 굳이 악역 서사같은거 안보여주는것도 굿. 송새벽님 연기덕분인지, 뻔한 대치로 안느껴지고 재밌게 봤음

답답한 구간도 많고 안좋게 뻔해서 짜증도 났지만~ 짧은 시간내에 즐겁게 볼수있는 영화였다. 요즘 영화 너무 길어요오오오",긍정
잇시,2.5,"만족스러운 카체이싱, 그외는 글쎄...",중립
영화로봇,2.5,"액션 하는 박소담님을 보니 흥미롭게 봤네요.
건강하고 다음 작품에서 기대 하겠습니다.",중립
방장,3.5,진부한 스토리와 아쉬운 음악 속 빛나는 박소담 배우와 액션.,긍정
영준,3,﻿차가 타고 있는 동안은 인상적인 문제는 내린 후....,긍정
개가오,3,"양산형 배이비 드라이버 + 양산형 라이언 고슬링의드라이브
+ 이경영의 아성을 뛰어넘을 송새벽의 어쉉쉉 연기
+ 유치하기 그지없는 캐릭터와 대사...

이 모든 걸 조합하면 딱 특송이란 영화가 나올 것 같다...

캐릭터간에 제대로 된 교류가 없고
캐미를 이룰 여지도 없으며 독주하듯 목적지를 향해 나아간다.

심지어 그 목적의식은 캐릭터와 감정선에 비롯되어 있음에도
스토리라인을 풀어가는 과정엔 아무런 이점이 없는
아주 기본적인 감정의 나열만 있을 뿐이었다.

감정선을 이루고 응어리진 감정을 울려 관객에게 전달해 공감대를 형성하기 위해선
응축된 감정을 구축해야 하고 그 전에 인물이 있어야 한다.

늘어지도록 서사를 풀어가라는 게 아닌
담고자 하는 캐릭터가 기획적으로 어떤 인물인지 빠르고 확실하게 묘사해야 했고

이야기를 이끌면서 캐릭터성을 쌓아가
이야기를 풀어감과 동시에 서사가 빛을 발하는 전개 방식이 필요했다.

관객간에 교류와 공감대도 없는 상태에서
작품이 혼자 감정에 사무쳐 있고 동시에 충무로식 오글거리는 대사가 더해져

유치하고 겉멋만 있는 텅텅빈 캐릭터가 형성됐다.

그나마 오버액팅 없이 얌전했던 주인공 일행은 그나마 귀엽게 볼 수 있어
성향만 맞으면 움으리도 줄 수 있겠지만...
(난 단 한순간도 안 웃겼음...)

주인공을 압박하고 갈등을 뮤발해
유동적인 이야기를 구축할 상대 측(송새벽)은 심각했다...

자신이 똘끼있고 각박한 순간에 유머감각을 뽐낼 정도로
여유있으며 심지어 박력도 있다는 걸 강조하고 싶었는지
온갖 전형적인 한국식 빌런의 면모를 자랑한다.

이들 역시 캐릭터성에 깊이란 보기 힘들고 유치한 대사로 점철되어 있으면

배우 특유의 목소리에 어쉉쉉 오버 액팅이 더해져
등장할 때마다 손발이 심히 오그라들었다.

그럼에도 또렷한 목적의식과 다른길로 새지 않고 꿋꿋이 걸어가는 스토라리인덕에
끝까지 볼 여력은 충분했다.

또한 상술한 유치함은 사람에 따라 느끼는 게 다를 것이고
유머 부분 역시 나쁘지 않았는지 객석에 웃음이 자주 들렸다.

마지막으로 액션 및 카체이스씬에
확실한 오마주와 뒷받침되어줄 작품이 있어서 그런지

오버스럽거나 엇나가지 않는 선에서
특색은 없어도 나쁘지 않은 액션, 카체이스씬이 돋보여

그야말로 남녀노소 모두가 가볍게 즐기기 좋은 오락영화였다.",긍정
ilmo,3,한국영화에선 볼 수 없던 최고의 오프닝 카체이싱 신.,긍정
영청이,,새벽과 은하의 치열한 택배 가로채기,알 수 없음
Feelm,3,성공적 카체이싱. 오만가지 레퍼런스와 스까묵기는 실패.,긍정
솔직한 코멘트 봇,,제목이 너무...  구려ㅜㅜ,알 수 없음
김원호,2.5,"확실한 장점
1.카체이싱
2.제시카쌤의 업종변경
3.확실한 악역

단점내지 아쉬운점
1. 말없이 사람만 때리던 중간보스 쳐내고 보스의 활약이 좀더 있었으면..
2. 애기의 연기력이 들쑥날쑥
3. 굳이 애기를 그렇게까지 살려야할 이유는?
4. 탈북자설정하나때매 염혜란 배우를 넣었어야했나
5.어딘가 많이본 영화들과 캐릭터와 소재

종합하면 레옹+드라이브+아저씨..

가볍게 보기좋은 카체이싱 오락무비

-22.01.05 롯데시네마 월드타워 수플G 시사회",중립
르네상스형뮤지션,2,원빈 <아저씨>의 박소담 <아줌마> 버전.,부정
B바라기,5,침수만 안된다면 더욱더 완벽한 퀵서비스,긍정
Yeun Kim,,송새벽님 나오는거 너무 기다려진다 존버 한다 🙏🏻,알 수 없음
토나리노 토토로,2,어디서 본 멋진 것들을 짜집기한들 코어가 약하면 말짱도루묵.,부정
Jiye,1.5,와 이런 영화 아뮤리 재미없어도 다 재미있어하는데 ㄹㅇ 재미없었던 거 같음,부정
뉴운,4,"웰메이드 차 추격씬 + 액션신 도구 활용도 (건즈 아킴보 깔) + 짜릿한 키브금 선정 + 각 인물 설정과 빌드업
요소요소는 다 완벽한데 총합적으로 한끗이 아쉽다. 각 파트의 담당은 최고를 해낸 만큼 각본감독이 좀만 더 힘내줬으면 좋았을텐데

소소하게, 아역 행동이 적당히 아이같으면서도 화딱지 나지 않아서 보면서 갑갑하지 않은 것도 좋음.",긍정
최현범,3,휴머니즘 조금 덜면 수작,긍정
Nuyh GnasG  noh,3,"<택시>에서 코미디 대신 진지한 범죄 장르를 택한 결과가 이 정도면 훌륭한 편이다.
분위기나 논리가 쉽게 무너지는 곳이 없는 좋은 오락영화지만,
지나친 해피엔딩 강박, 음악이 전체적으로 겉도는 부분은 아쉬운 점이다.",긍정
오제,2.5,안 미안한데 제가 <레옹>을 봐버렸어요…,중립
쇼비,3,묻지마 화물 특송의 '트랜스포터(2002)'를 사람 배송으로 바꾼 버젼. 솔직히 풀로 보지는 않고 군더더기 없는 편집의 50분짜리 유투브 영화 소개로 봤음. 리메이크인지는 모르겠으나 예측 가능한 진행과 전형적인 한국 영화적 구성이 느껴지지만 나름 잘 풀어낸 작품이라 생각함.,긍정
디ㅇ,3,"박소담이랑 애기가 연기를 너무잘함
킬링타임용 굿",긍정
노승택,2,"유일한 기대였던 카 체이싱조차 지지부진, 미적지근",부정
jooyoun kim,3,"어머!
생각보다 긴박하고 잼나네-
뭔가 뒷쪽이 좀 글킨래도 뭐.. 별기대없이 보니 나름 괜츈-",긍정
김덕훈,3.5,박소담 연기 좋았음. 결말도 해피엔딩이라 맘에 듦.,긍정
이상범,1.5,"그동안 못해왔던 멘트, 제스쳐, 표정까지
자기 하고 싶은 대로 다 해서 오그라들게 만드는 영화.

액션, 스토리, 연기략까지 90년대의 액션영화를 보는것마냥 촌스럽다.",부정
2_Jar,2,#NAME?,부정
SM,2.5,왜 항상 아이가 끼면 생기는 문제를 영화로 만드는지...,중립
싱글라이더,2,차라리 우체국택배에 문의하지,부정
있슴,2.5,박소담 언니가 멋있어요,중립
0점사격,0.5,"원빈 : 아저씨
박소담 : 아줌마",부정
CHOPA,2.5,"시작은 베이비드라이버였으나
초반이후부터는 그저그런 한국영화",중립
Mr.Lee,3,모범택시 프리퀄이라 생각하면 좋을듯,긍정
Damian Jeon DongHyun,1.5,"감독이 참 아저씨를 감명 깊게 봤나 보네..

제2의 아저씨 아줌마를 만들고 싶어했구만....

근데 이를 어쩌나... 조잡한 액션에 납득안되는 서사에...

PS. 운전병이 운전은 안하고 전투병과에서 뛰고 있누.. 에혀",부정
사이다,3.5,"지키기 위해 되찾기 위해, 둘 다 악착같다
Feat. 기대 이상의 카체이싱",긍정
춥춥,2,감독이 담고자 하는 모든 게 잘 구현된 본 시리즈를 감상하는 게..,부정
재히,1.5,"이거 봤었는지 기억도 못함
박소담 배우 좋아해서 페이지 보다가 흐릿하게 기억...
딱 자동차 액션(만) 멋졌던 영화",부정
렉시턴의 유령,1.5,그 좋은 작품들의 캐릭터 설정 다 가져다 놓고 버무려도 짝퉁 느낌 낭낭 차라리 리메이크라 하고 찍지 그랬어ㅡㅡ,부정
수빈,2.5,익숙한 설정에 익숙한 내용이라 그냥저냥 볼만했음,중립
할린 퀸젤,2.5,"만들다 만 영화 같다. 송새벽 악역 오글거림, 난잡한 캐릭터들, 일관성 없는 감정선들",중립
castiel,2.5,박소담 송새벽의 필모 확장판,중립
라온필름 Laon Film,2.5,감정선이 휙 휙 휙.,중립
손민수,2,너무나 아쉬운 카체이싱,부정
K.S.H,3,박소담 운전씬만 볼만했고 징징거리는 애는 일찍 떨구는게 생존법칙이다,긍정
도강,3.5,스트레스 해소는 시켜줬잖아요,긍정
Ozpk,3.5,"뻔한 영화들 중에 제일 낫다. 연기, 액션 다 좋았음",긍정
콩먹는콩벌레,0.5,너무 재미없어서 보고 우울했음,부정
이준헌,1.5,드라이브를 예상했지만 맞닥뜨린건 레옹,부정
My동풍,4.5,재밌는데?!,긍정
나잇무비,2,허술한 스토리 그저그런 카체이싱,부정
윤은지,2,재밌다며..,부정
범지,1.5,보면 볼 수록 웃음으로 넘길 수준이 아님 하지만 애기 귀여워,부정
모멘텀,2,"카체이싱이랑 액션은 볼만한데...
감독 트림성애자임?",부정
Craig00se7en,3,"한국판 트랜스포터! 그 이상, 그 이하도 설명 안하고싶다.  -20231022-",긍정
햄부기,2,뭔가 이것저것 다 섞은 느낌이구만.. 근데 볼 만한디?,부정
riri,2.5,사랑해소담..,중립
우주,2.5,배우들은 좋았으나 전개가 뻔하다,중립
깐느,1.5,"고양이를 키우는 여주인공의 모성애 획득기.

모성애를 획득하는 과정이 이 정도면 충분하다고 생각한 걸까?

2022년 한국상업영화들의 전형적인 특징인

눈 가리고 아웅 식 감정설계에 한숨만 나올 뿐.

그래놓고 클라이막스에 관객들이 동화되길 바라는가?

그래도

빈 택배를 오배송하는 택배기사 박소담과 송새벽의 연기는 돋보인다.",부정
78,1,"진짜 서원아 제발 그만 울어줘
연출은 베이비드라이버
내용은 흔한 한국 신파",부정
Minjae Kwon,2,"카액션을 다룬 제목임에도 카메오급 차량 액션 찍었던 '달콤한 인생', '아수라'만도 못하는 신세라니",부정
유니스,1.5,"1점도 박소담땜에 준 별점.. 할많하않

웨이브",부정
love,3,"아저씨+모범택시+분노의 질주, 하지만 박소담이라 반가운",긍정
레몬메론,2.5,스포일러가 포함되어 내용을 생략했습니다.,중립
옐리,3.5,소담킹 너무 멋져!!!!!!!! 😭😭😭😭,긍정
CY4210,1.5,첫장면만 봤을땐 그래도 괜찮겠다 싶었는데..,부정
민트초코❤️,2.5,카체이싱 딱하나 만족스러운 영화 나머지는 하.....,중립
Mr Robot,1.5,박소담이 참 씩씩하다는 느낌외에는 남는게 없다,부정
짜사이,2,"잔뜩 스타일리시해보이고 싶어하는데 촌스럽다...
애는 왜자꾸 아줌마아줌마그래. 열심히 연기한 아이는 죄가없지만 애 캐릭터 자체가 귀엽지도않고 짜증만 남. 아이 데리고 다니면서 감성팔이하는 특유의 안전빵 스토리들 이제 너무 식상하고 따분하다 아무런 정보 없이 보러간터라 이영화에 애기 나오는줄 몰라서 애가 박소담의 차를향해 달려오는 순간부터 설마.. Aㅏ..했는데 역시나ㅜ",부정
씨네쿤,2.5,내가 쫓던 애송이 아가씨가 알고보니 수퍼 드라이빙 닌자였던 건에 대하여.,중립
쁘띠수정,3,존나 재밌는데?,긍정
126🏳️‍🌈,1,난 고양이 있으면 저렇게 안 살 텐데,부정
ARAKO,2.5,-,중립
북북서,2,"현시대 한국같은 영화였다

원톱 여주를 내세우고 익숙한 아저씨+소녀의 구도를 성반전시켜 여성서사를 펼치는 듯 허울만 던져놓고 본론은 늘 하던 양산형 범죄조폭느와르

드라이브나 베이비 드라이버같이 어디서 좋았다는 해외 자동차 영화들에서 레퍼런스를 따왔으나 결과물은 대충 여기저기 기워놓은 듯 화학작용이 일어나지 않고(후반부 패싸움의 음악은 정말 어마어마했다) 그 와중에 남발되는 슬로우와 과한 코믹 연기는 운전 시퀀스의 긴장감까지 다 잡아먹는다

송새벽 등 개인 능력으로 좋은 연기를 보여주던 배우들마저 끝내 끔찍한 각본과 대사를 이기지 못하며 아역배우는 그 가장 큰 피해자다(이 영화에 등장하는 아이는 인물이 아니라 그냥 그때그때 이야기에 필요한 역할을 하는 메타몽이다)

인터넷 방송이나 스마트기기나… 새터민이나 외국인노동자 등 한껏 젊으려고 노력한 설정을 부어놓고 막상 그들을 다루는 손끝이 별로 섬세하지 못한 것도 뒷맛이 쓰다

무슨 작품성을 기대하고 이 영화를 보러 가는 사람은 없다 하지만 누가 어떤 예상을 하고 보든 만족하는 경우는 별로 없을 것같다는 생각이 든다",부정
helena,2,"상황종료되면 나타나는 경찰들은 이제 그만 써먹을 수 없나?
뻔한 스토리. 뻔한 배우. 뻔한 연기.",부정
임새우민,3.5,카체이싱과 박소담의 액션은 훌륭하지만 이야기는 어디서 본 듯하고 심지어 구멍도 숭숭   뚫려있다,긍정
신종혁,2.5,"익숙한 장면들과 전개가 많고 특별함이 없다. 악역 연기는 좋았다.

21.01.13 CGV 용산",중립
승짱,4,"차는 박소담이 운전하는데 내가 뒷자리 타고있는 기분
포동이 좀만 더 보여달라,,,!!!!",긍정
mm,1.5,비혼장려영화인가?,부정
nippoong,2,김치맛 트랜스포터,부정
적당히봐라,2.5,"속도도 과잉, 감정도 과잉",중립
KIM YUN,4.5,"꽤 잘 만들어진 카체이싱 장면이 눈을 즐겁게 하고, 박소담의 기생충에서와 다른 캐릭터 표현이 생각보다 잘 나온 작품이라 생각된다.",긍정
